sample,work_ns,cpu_utilization
1,56561,100.00
2,53321,100.00
3,65158,100.00
4,39369,100.00
5,66095,100.00
6,66468,100.00
7,51051,80.00
8,54894,100.00
9,66313,100.00
10,40039,100.00
11,68934,100.00
12,66146,100.00
13,38511,100.00
14,62358,100.00
15,68268,100.00
16,55793,75.00
17,65292,100.00
18,64053,100.00
19,45034,100.00
20,67217,100.00
21,68551,100.00
22,51068,100.00
23,66108,100.00
24,65930,100.00
25,41722,100.00
26,65003,66.67
27,70125,100.00
28,39660,100.00
29,65626,100.00
30,67925,100.00
31,44813,75.00
32,63060,100.00
33,64984,100.00
34,34550,100.00
35,71281,100.00
36,69003,100.00
37,39955,100.00
38,66058,100.00
39,69815,100.00
40,57111,75.00
41,65028,100.00
42,68119,100.00
43,41457,100.00
44,68512,100.00
45,68864,100.00
46,75789,100.00
47,47788,100.00
48,70589,100.00
49,65642,100.00
50,62664,66.67
51,70649,100.00
52,65398,100.00
53,38797,100.00
54,72011,100.00
55,64405,66.67
56,56951,100.00
57,67478,100.00
58,64765,100.00
59,52731,100.00
60,69931,100.00
61,61726,100.00
62,34971,100.00
63,68370,100.00
64,67642,100.00
65,41771,75.00
66,59537,100.00
67,61296,100.00
68,40988,100.00
69,66835,100.00
70,63711,100.00
71,40126,100.00
72,60643,100.00
73,66454,75.00
74,53891,100.00
75,63490,100.00
76,62326,100.00
77,25615,100.00
78,65692,100.00
79,65187,100.00
80,38405,100.00
81,61745,100.00
82,64437,75.00
83,42375,100.00
84,58630,100.00
85,64457,100.00
86,41256,100.00
87,60515,100.00
88,67787,100.00
89,38752,75.00
90,65917,100.00
91,66356,100.00
92,47357,100.00
93,70769,100.00
94,64485,100.00
95,29928,100.00
96,70386,100.00
97,53519,66.67
98,43427,100.00
99,62296,100.00
100,61193,100.00
101,26847,100.00
102,66901,100.00
103,60401,100.00
104,42644,100.00
105,65571,100.00
106,60969,75.00
107,36188,100.00
108,63531,100.00
109,63635,100.00
110,39301,100.00
111,64081,100.00
112,65035,75.00
113,33958,100.00
114,64684,100.00
115,63397,100.00
116,52055,100.00
117,60603,100.00
118,66881,100.00
119,34823,100.00
120,64953,100.00
121,63227,75.00
122,42920,100.00
123,63511,100.00
124,50978,100.00
125,39764,100.00
126,62504,100.00
127,64161,100.00
128,43034,100.00
129,59231,100.00
130,71943,100.00
131,36273,50.00
132,49376,100.00
133,64048,100.00
134,43452,100.00
135,62276,100.00
136,65181,100.00
137,34467,100.00
138,48231,100.00
139,64226,100.00
140,63410,66.67
141,59477,100.00
142,61657,100.00
143,41068,100.00
144,44138,100.00
145,64031,75.00
146,34529,100.00
147,66006,100.00
148,66775,100.00
149,43646,100.00
150,50424,100.00
151,66985,100.00
152,33052,100.00
153,50373,100.00
154,66118,75.00
155,50249,100.00
156,40378,100.00
157,65176,100.00
158,30429,100.00
159,53365,100.00
160,64998,100.00
161,52875,100.00
162,45215,100.00
163,70591,75.00
164,50681,100.00
165,44841,100.00
166,66144,100.00
167,48850,100.00
168,39852,100.00
169,65902,66.67
170,62270,100.00
171,41181,100.00
172,63857,100.00
173,57142,100.00
174,53837,100.00
175,62587,100.00
176,62026,100.00
177,38262,66.67
178,65375,100.00
179,60060,100.00
180,36030,100.00
181,62976,100.00
182,54276,100.00
183,63170,100.00
184,62030,100.00
185,58746,100.00
186,35408,100.00
187,50721,75.00
188,74365,100.00
189,51429,100.00
190,66279,100.00
191,63930,100.00
192,50416,66.67
193,67905,100.00
194,59689,100.00
195,49222,100.00
196,69373,100.00
197,63184,100.00
198,60849,100.00
199,68475,100.00
200,65393,100.00
201,72161,75.00
202,67334,100.00
203,65112,100.00
204,40732,100.00
205,61858,100.00
206,69787,100.00
207,58529,100.00
208,64764,100.00
209,61133,100.00
210,56961,66.67
211,51667,100.00
212,65208,100.00
213,40771,100.00
214,65697,100.00
215,68892,100.00
216,50312,100.00
217,66295,80.00
218,65682,100.00
219,37724,100.00
220,56524,100.00
221,67362,100.00
222,57751,100.00
223,53383,100.00
224,65584,100.00
225,66239,66.67
226,58600,100.00
227,64468,100.00
228,61866,100.00
229,48919,100.00
230,68270,100.00
231,65874,100.00
232,55802,100.00
233,66693,100.00
234,65516,66.67
235,63687,100.00
236,61989,100.00
237,57734,100.00
238,61366,100.00
239,62665,100.00
240,62122,100.00
241,49757,75.00
242,67039,100.00
243,70118,100.00
244,66359,100.00
245,55678,100.00
246,66526,100.00
247,41472,100.00
248,67835,100.00
249,64474,66.67
250,57643,100.00
251,60667,100.00
252,67467,100.00
253,39186,100.00
254,64176,100.00
255,65175,100.00
256,57327,100.00
257,66007,100.00
258,63494,100.00
259,53802,75.00
260,66057,100.00
261,64739,100.00
262,60535,100.00
263,63251,100.00
264,67166,100.00
265,38475,100.00
266,63617,100.00
267,69790,75.00
268,63502,100.00
269,53487,100.00
270,61994,100.00
271,38353,100.00
272,53426,100.00
273,66590,100.00
274,49407,100.00
275,66128,100.00
276,66646,66.67
277,42992,100.00
278,68177,100.00
279,64255,100.00
280,44009,100.00
281,64457,100.00
282,66364,100.00
283,56264,75.00
284,67025,100.00
285,66966,100.00
286,50814,100.00
287,65264,100.00
288,65427,100.00
289,36214,100.00
290,67315,100.00
291,68058,66.67
292,49140,100.00
293,65285,100.00
294,66975,100.00
295,54935,100.00
296,65345,100.00
297,67969,100.00
298,41408,100.00
299,64649,100.00
300,71603,66.67
301,40759,100.00
302,63729,100.00
303,67505,100.00
304,43295,100.00
305,63611,100.00
306,65422,100.00
307,53316,75.00
308,65935,100.00
309,65243,100.00
310,56398,100.00
311,67850,100.00
312,64321,100.00
313,45154,100.00
314,70051,100.00
315,60517,66.67
316,41482,100.00
317,63184,100.00
318,72310,100.00
319,50523,100.00
320,65578,100.00
321,65488,100.00
322,61549,100.00
323,68772,66.67
324,65827,100.00
325,46745,100.00
326,66436,100.00
327,67831,100.00
328,65082,100.00
329,71644,100.00
330,61566,100.00
331,66267,100.00
332,65971,100.00
333,69597,75.00
334,51279,100.00
335,61247,100.00
336,62777,100.00
337,49965,100.00
338,64118,100.00
339,64653,66.67
340,41893,100.00
341,60539,100.00
342,65082,100.00
343,51458,100.00
344,69164,100.00
345,67504,100.00
346,62720,100.00
347,58419,100.00
348,61501,100.00
349,58392,75.00
350,66178,100.00
351,55690,100.00
352,53155,100.00
353,65611,100.00
354,64521,100.00
355,47897,100.00
356,67019,100.00
357,71741,66.67
358,43434,100.00
359,66025,100.00
360,64329,100.00
361,41034,100.00
362,62322,100.00
363,65192,100.00
364,54385,100.00
365,61627,50.00
366,63374,100.00
367,53511,100.00
368,62474,100.00
369,65902,100.00
370,65545,100.00
371,61111,100.00
372,63172,100.00
373,61162,75.00
374,67584,100.00
375,55338,100.00
376,52793,100.00
377,64186,100.00
378,62935,100.00
379,60468,100.00
380,53024,100.00
381,71044,50.00
382,60041,100.00
383,64802,100.00
384,65803,100.00
385,52933,100.00
386,64030,100.00
387,61945,100.00
388,41238,100.00
389,62009,66.67
390,60678,100.00
391,58892,100.00
392,62070,100.00
393,60705,100.00
394,51940,100.00
395,59110,100.00
396,58745,100.00
397,50990,100.00
398,62404,100.00
399,70367,66.67
400,37075,100.00
401,65992,100.00
402,60865,100.00
403,51398,100.00
404,69017,100.00
405,68514,66.67
406,43990,100.00
407,62883,100.00
408,60475,100.00
409,59467,100.00
410,64321,100.00
411,60564,100.00
412,50369,100.00
413,60510,66.67
414,58202,100.00
415,65067,100.00
416,65657,100.00
417,67218,100.00
418,66216,100.00
419,66252,100.00
420,58196,100.00
421,62135,100.00
422,70461,100.00
423,70219,66.67
424,60069,100.00
425,62899,100.00
426,67695,100.00
427,55707,100.00
428,64026,75.00
429,66976,100.00
430,64254,100.00
431,65907,100.00
432,62807,100.00
433,65111,100.00
434,60944,100.00
435,67400,100.00
436,65241,100.00
437,65947,66.67
438,59678,100.00
439,67661,100.00
440,64612,100.00
441,59419,100.00
442,66955,100.00
443,64773,100.00
444,64168,100.00
445,66283,80.00
446,60985,100.00
447,69173,100.00
448,65417,100.00
449,63668,100.00
450,67017,100.00
451,64447,100.00
452,67866,100.00
453,68055,100.00
454,62672,100.00
455,51440,66.67
456,64638,100.00
457,60744,100.00
458,57075,100.00
459,67622,100.00
460,68020,100.00
461,61971,66.67
462,62202,100.00
463,61918,100.00
464,49147,100.00
465,71404,100.00
466,67353,100.00
467,54995,100.00
468,63489,100.00
469,67365,100.00
470,46719,66.67
471,70604,100.00
472,68852,100.00
473,30385,100.00
474,69658,100.00
475,64698,100.00
476,59165,100.00
477,70412,100.00
478,54342,100.00
479,44506,66.67
480,69278,100.00
481,64438,100.00
482,41777,100.00
483,67982,100.00
484,68594,100.00
485,53992,75.00
486,64384,100.00
487,63457,100.00
488,48329,100.00
489,70574,100.00
490,67069,100.00
491,46096,100.00
492,55273,100.00
493,66266,100.00
494,45112,100.00
495,64893,66.67
496,66433,100.00
497,36751,100.00
498,68031,100.00
499,61246,100.00
500,45949,100.00
501,65953,100.00
502,63543,100.00
503,46333,0.00
504,64776,100.00
505,64197,100.00
506,33460,100.00
507,70627,100.00
508,63136,75.00
509,42071,100.00
510,66776,100.00
511,64595,100.00
512,43809,100.00
513,68735,100.00
514,63755,100.00
515,42757,100.00
516,66259,100.00
517,61413,100.00
518,55723,66.67
519,65629,100.00
520,70104,100.00
521,43817,100.00
522,65473,100.00
523,60892,100.00
524,63773,100.00
525,65701,100.00
526,63434,75.00
527,47163,100.00
528,64937,100.00
529,62509,100.00
530,57678,100.00
531,66760,100.00
532,65285,100.00
533,42785,100.00
534,62878,100.00
535,62528,75.00
536,45621,100.00
537,64678,100.00
538,66802,100.00
539,53231,100.00
540,65929,100.00
541,61685,100.00
542,51855,50.00
543,64710,100.00
544,65910,100.00
545,55561,100.00
546,63114,100.00
547,60655,100.00
548,50659,100.00
549,66403,100.00
550,67330,75.00
551,39294,100.00
552,64355,100.00
553,68523,100.00
554,40484,100.00
555,66114,100.00
556,65155,100.00
557,40771,100.00
558,63982,66.67
559,57426,100.00
560,56206,100.00
561,68321,100.00
562,64592,100.00
563,63447,100.00
564,65469,100.00
565,59109,100.00
566,45241,50.00
567,66747,100.00
568,62526,100.00
569,51318,100.00
570,66503,100.00
571,67306,100.00
572,41612,100.00
573,68286,100.00
574,66233,75.00
575,41479,100.00
576,65382,100.00
577,69322,100.00
578,46890,100.00
579,66867,100.00
580,65952,100.00
581,59644,100.00
582,66470,100.00
583,63838,100.00
584,58745,66.67
585,59472,100.00
586,66521,100.00
587,66768,100.00
588,65605,100.00
589,67689,100.00
590,56353,100.00
591,67703,100.00
592,63229,75.00
593,57910,100.00
594,65617,100.00
595,64041,100.00
596,64458,100.00
597,62491,100.00
598,67834,100.00
599,51661,100.00
600,65239,100.00
601,64716,75.00
602,63214,100.00
603,69080,100.00
604,67858,100.00
605,62528,100.00
606,69440,100.00
607,61250,100.00
608,62683,66.67
609,52846,100.00
610,66230,100.00
611,69346,100.00
612,64077,100.00
613,62637,100.00
614,62224,100.00
615,51485,100.00
616,67119,66.67
617,67023,100.00
618,55490,100.00
619,65633,100.00
620,66046,100.00
621,47598,100.00
622,66122,100.00
623,57419,100.00
624,53054,75.00
625,67714,100.00
626,64116,100.00
627,53028,100.00
628,67651,100.00
629,71201,100.00
630,50404,50.00
631,69477,100.00
632,61265,100.00
633,39011,100.00
634,65874,100.00
635,66582,100.00
636,41506,100.00
637,67071,100.00
638,65068,100.00
639,46274,100.00
640,67294,75.00
641,67926,100.00
642,41417,100.00
643,63690,100.00
644,62462,100.00
645,45848,100.00
646,66060,100.00
647,61797,100.00
648,51588,66.67
649,66863,100.00
650,68323,100.00
651,47112,100.00
652,66045,100.00
653,64618,100.00
654,48794,100.00
655,67563,100.00
656,64494,100.00
657,45962,100.00
658,69000,66.67
659,67959,100.00
660,44251,100.00
661,66770,100.00
662,66356,100.00
663,44863,100.00
664,67256,75.00
665,64689,100.00
666,46049,100.00
667,67706,100.00
668,60826,100.00
669,55385,100.00
670,65971,100.00
671,66035,100.00
672,54058,66.67
673,65967,100.00
674,52994,100.00
675,58705,100.00
676,65474,100.00
677,61979,100.00
678,47229,100.00
679,65928,100.00
680,62066,100.00
681,52462,66.67
682,65618,100.00
683,65218,100.00
684,45861,100.00
685,62347,100.00
686,64209,100.00
687,43006,100.00
688,69545,75.00
689,67093,100.00
690,47937,100.00
691,65933,100.00
692,62156,100.00
693,58820,100.00
694,65598,100.00
695,66220,100.00
696,68755,50.00
697,64967,100.00
698,62229,100.00
699,55486,100.00
700,64428,100.00
701,64749,100.00
702,40798,100.00
703,67886,100.00
704,66694,50.00
705,56454,100.00
706,65582,100.00
707,66390,100.00
708,62180,100.00
709,60782,100.00
710,62147,100.00
711,63990,100.00
712,61456,100.00
713,61680,100.00
714,66373,66.67
715,63888,100.00
716,59498,100.00
717,65898,100.00
718,65153,100.00
719,63882,100.00
720,56725,66.67
721,67515,100.00
722,68015,100.00
723,57827,100.00
724,68074,100.00
725,69451,100.00
726,44895,100.00
727,64282,100.00
728,62485,100.00
729,46198,100.00
730,66273,75.00
731,64528,100.00
732,58360,100.00
733,68996,100.00
734,63196,100.00
735,71130,100.00
736,67299,100.00
737,65979,100.00
738,68225,66.67
739,63381,100.00
740,56377,100.00
741,64043,100.00
742,65465,100.00
743,64767,100.00
744,48264,100.00
745,66058,100.00
746,66614,50.00
747,57223,100.00
748,70255,100.00
749,67886,100.00
750,63678,100.00
751,64230,100.00
752,62216,100.00
753,64817,100.00
754,69562,75.00
755,64303,100.00
756,66882,100.00
757,67936,100.00
758,53136,100.00
759,60984,100.00
760,62518,100.00
761,66512,100.00
762,69306,66.67
763,69679,100.00
764,52696,100.00
765,62705,100.00
766,66494,100.00
767,66163,100.00
768,62008,100.00
769,61151,100.00
770,70518,66.67
771,64241,100.00
772,68540,100.00
773,62142,100.00
774,66728,100.00
775,65947,100.00
776,65309,100.00
777,64999,66.67
778,65270,100.00
779,58325,100.00
780,65235,100.00
781,69345,100.00
782,58321,100.00
783,63633,100.00
784,53092,100.00
785,67815,100.00
786,63520,66.67
787,63774,100.00
788,57444,100.00
789,67542,100.00
790,38999,100.00
791,66018,100.00
792,68268,100.00
793,53605,100.00
794,69176,66.67
795,62411,100.00
796,63680,100.00
797,63026,100.00
798,66974,100.00
799,59907,100.00
800,56848,100.00
801,64813,100.00
802,49881,100.00
803,65601,100.00
804,70146,75.00
805,49119,100.00
806,61818,100.00
807,68744,100.00
808,40935,100.00
809,70473,100.00
810,69404,66.67
811,51682,100.00
812,64458,100.00
813,67158,100.00
814,42166,100.00
815,67262,100.00
816,65490,100.00
817,45904,100.00
818,68184,100.00
819,64019,100.00
820,53477,75.00
821,69817,100.00
822,66366,100.00
823,65326,100.00
824,65692,100.00
825,57857,100.00
826,58789,100.00
827,63967,100.00
828,67299,66.67
829,46397,100.00
830,61983,100.00
831,67509,100.00
832,58621,100.00
833,65864,100.00
834,62354,100.00
835,63505,100.00
836,63323,100.00
837,67345,66.67
838,51137,100.00
839,63870,100.00
840,64702,100.00
841,62500,100.00
842,70863,100.00
843,61346,100.00
844,61458,75.00
845,67751,100.00
846,67279,100.00
847,65039,100.00
848,67290,100.00
849,62055,100.00
850,61712,100.00
851,65054,100.00
852,69367,50.00
853,61216,100.00
854,65116,100.00
855,71152,100.00
856,62036,100.00
857,62750,100.00
858,69509,100.00
859,63638,100.00
860,63522,75.00
861,66474,100.00
862,62958,100.00
863,66079,100.00
864,64157,100.00
865,66425,100.00
866,61468,100.00
867,67137,66.67
868,65344,100.00
869,61272,100.00
870,72278,100.00
871,66422,100.00
872,62944,100.00
873,58048,100.00
874,62510,100.00
875,61292,100.00
876,64143,66.67
877,66279,100.00
878,59242,100.00
879,65592,100.00
880,60829,100.00
881,57254,100.00
882,68038,100.00
883,64822,100.00
884,61673,75.00
885,65065,100.00
886,65334,100.00
887,42860,100.00
888,67593,100.00
889,67984,100.00
890,63949,100.00
891,66273,100.00
892,64715,100.00
893,36930,100.00
894,72238,66.67
895,66741,100.00
896,58314,100.00
897,66707,100.00
898,67102,100.00
899,44739,100.00
900,65836,66.67
901,65432,100.00
902,62000,100.00
903,68654,100.00
904,64782,100.00
905,55276,100.00
906,67578,100.00
907,60159,100.00
908,52554,100.00
909,64450,75.00
910,63627,100.00
911,52157,100.00
912,67315,100.00
913,66192,100.00
914,52209,100.00
915,67816,100.00
916,65075,100.00
917,44716,100.00
918,69584,66.67
919,66098,100.00
920,37579,100.00
921,64194,100.00
922,63076,100.00
923,43625,100.00
924,68692,100.00
925,64027,100.00
926,41843,100.00
927,66353,66.67
928,65841,100.00
929,45822,100.00
930,63564,100.00
931,64759,100.00
932,59182,50.00
933,48576,100.00
934,65111,100.00
935,36081,100.00
936,59394,100.00
937,62538,100.00
938,40341,100.00
939,65406,100.00
940,66045,100.00
941,52217,100.00
942,56874,66.67
943,64228,100.00
944,39422,100.00
945,63906,100.00
946,67786,100.00
947,45179,100.00
948,63374,100.00
949,64347,100.00
950,43444,100.00
951,76739,75.00
952,71925,100.00
953,60030,100.00
954,70963,100.00
955,64185,100.00
956,56120,66.67
957,68348,100.00
958,64424,100.00
959,44125,100.00
960,70177,100.00
961,68602,100.00
962,57997,100.00
963,63054,100.00
964,64266,100.00
965,67352,66.67
966,66124,100.00
967,66466,100.00
968,28829,100.00
969,59031,100.00
970,63882,100.00
971,32253,100.00
972,66484,100.00
973,64643,100.00
974,49823,75.00
975,51912,100.00
976,68517,100.00
977,38183,100.00
978,66085,100.00
979,64191,100.00
980,46409,100.00
981,55532,100.00
982,65183,100.00
983,50400,66.67
984,60728,100.00
985,67207,100.00
986,35141,100.00
987,58103,100.00
988,70192,100.00
989,46050,66.67
990,61925,100.00
991,64767,100.00
992,37861,100.00
993,71401,100.00
994,62942,100.00
995,32944,100.00
996,64887,100.00
997,64547,100.00
998,40471,66.67
999,56061,100.00
1000,96654,100.00
1001,45305,100.00
1002,59759,100.00
1003,67379,100.00
1004,38881,100.00
1005,60675,100.00
1006,62957,100.00
1007,50893,66.67
1008,62106,100.00
1009,67218,100.00
1010,37438,100.00
1011,67166,100.00
1012,63077,75.00
1013,36005,100.00
1014,68844,100.00
1015,66954,100.00
1016,54716,100.00
1017,67724,100.00
1018,65589,100.00
1019,40709,100.00
1020,71111,100.00
1021,64724,100.00
1022,44663,66.67
1023,67240,100.00
1024,64346,100.00
1025,55540,100.00
1026,72465,100.00
1027,63678,100.00
1028,42156,100.00
1029,68313,100.00
1030,63661,100.00
1031,51989,66.67
1032,67839,100.00
1033,70117,100.00
1034,43680,100.00
1035,72423,100.00
1036,73349,100.00
1037,41516,100.00
1038,67057,100.00
1039,67236,75.00
1040,48945,100.00
1041,72038,100.00
1042,66978,100.00
1043,42331,100.00
1044,66971,100.00
1045,90515,66.67
1046,47243,100.00
1047,70478,100.00
1048,64988,100.00
1049,72467,100.00
1050,75177,100.00
1051,72563,100.00
1052,67239,100.00
1053,58935,100.00
1054,69960,100.00
1055,56507,66.67
1056,48824,100.00
1057,64602,100.00
1058,66906,100.00
1059,41091,100.00
1060,185231,50.00
1061,199716,100.00
1062,74908,100.00
1063,72352,100.00
1064,73704,100.00
1065,33773,100.00
1066,75132,100.00
1067,76044,100.00
1068,75598,100.00
1069,74800,100.00
1070,62887,66.67
1071,77394,100.00
1072,68849,100.00
1073,74772,100.00
1074,75879,100.00
1075,71300,100.00
1076,70275,100.00
1077,72840,100.00
1078,73452,100.00
1079,75792,100.00
1080,72264,50.00
1081,76658,100.00
1082,56371,100.00
1083,75103,0.00
1084,71350,100.00
1085,79207,100.00
1086,74501,100.00
1087,72529,100.00
1088,74687,100.00
1089,72248,100.00
1090,69094,50.00
1091,72784,100.00
1092,73537,100.00
1093,65374,100.00
1094,45951,100.00
1095,72666,100.00
1096,49232,75.00
1097,42927,100.00
1098,73632,100.00
1099,67401,100.00
1100,67185,100.00
1101,76485,100.00
1102,60789,100.00
1103,56408,100.00
1104,76724,100.00
1105,73104,50.00
1106,193965,100.00
1107,72143,100.00
1108,72035,100.00
1109,76228,100.00
1110,74981,100.00
1111,71697,100.00
1112,73676,100.00
1113,73561,0.00
1114,77104,100.00
1115,20810,0.00
1116,73034,66.67
1117,73717,100.00
1118,74011,0.00
1119,593208,100.00
1120,72997,100.00
1121,75495,100.00
1122,93020,0.00
1123,570034,100.00
1124,74349,0.00
1125,79554,0.00
1126,85020,100.00
1127,72062,100.00
1128,64044,100.00
1129,73323,100.00
1130,69433,50.00
1131,42370,100.00
1132,74563,100.00
1133,75707,100.00
1134,67823,100.00
1135,67918,66.67
1136,79720,100.00
1137,72448,100.00
1138,71316,100.00
1139,72979,100.00
1140,72813,100.00
1141,68231,100.00
1142,67738,100.00
1143,70973,100.00
1144,44604,100.00
1145,74239,66.67
1146,66862,100.00
1147,63202,100.00
1148,70163,100.00
1149,71058,100.00
1150,69659,100.00
1151,53737,75.00
1152,66366,100.00
1153,50531,100.00
1154,49278,100.00
1155,72799,100.00
1156,78338,100.00
1157,41990,100.00
1158,72922,100.00
1159,67870,100.00
1160,38664,75.00
1161,70809,100.00
1162,69274,100.00
1163,46701,100.00
1164,73269,100.00
1165,62144,100.00
1166,69406,66.67
1167,70528,100.00
1168,68843,100.00
1169,48800,100.00
1170,69946,100.00
1171,69745,100.00
1172,45187,100.00
1173,70470,100.00
1174,62360,100.00
1175,47333,66.67
1176,66518,100.00
1177,68999,100.00
1178,48499,100.00
1179,73568,100.00
1180,73671,100.00
1181,64198,100.00
1182,69847,100.00
1183,71413,75.00
1184,68413,100.00
1185,65663,100.00
1186,67997,100.00
1187,60673,100.00
1188,65392,100.00
1189,65855,100.00
1190,66762,100.00
1191,45464,100.00
1192,64680,100.00
1193,71213,66.67
1194,73282,100.00
1195,76247,100.00
1196,72232,100.00
1197,48938,100.00
1198,71835,100.00
1199,72856,66.67
1200,47104,100.00
1201,79399,100.00
1202,70910,100.00
1203,62484,100.00
1204,72588,100.00
1205,69754,100.00
1206,52721,100.00
1207,67136,100.00
1208,68405,100.00
1209,60866,66.67
1210,66532,100.00
1211,67017,100.00
1212,50345,100.00
1213,74318,100.00
1214,65236,100.00
1215,64250,100.00
1216,68855,100.00
1217,59520,100.00
1218,67609,50.00
1219,65686,100.00
1220,65926,100.00
1221,62514,100.00
1222,72129,100.00
1223,68344,66.67
1224,65918,100.00
1225,85177,100.00
1226,63091,100.00
1227,67094,100.00
1228,65255,100.00
1229,67275,100.00
1230,68450,100.00
1231,63662,100.00
1232,62899,100.00
1233,66172,75.00
1234,62818,100.00
1235,63162,100.00
1236,55451,100.00
1237,65778,100.00
1238,61314,100.00
1239,63646,100.00
1240,67033,100.00
1241,72133,66.67
1242,72717,100.00
1243,68901,100.00
1244,40732,100.00
1245,72785,100.00
1246,56342,100.00
1247,72867,100.00
1248,66823,100.00
1249,65738,100.00
1250,67552,66.67
1251,66198,100.00
1252,60255,100.00
1253,67301,100.00
1254,72776,100.00
1255,71486,100.00
1256,76643,100.00
1257,69220,100.00
1258,48111,100.00
1259,70508,100.00
1260,57363,66.67
1261,70351,100.00
1262,65014,100.00
1263,68446,100.00
1264,45824,100.00
1265,70678,100.00
1266,76141,66.67
1267,50366,100.00
1268,65035,100.00
1269,70653,100.00
1270,58870,100.00
1271,70664,100.00
1272,70515,100.00
1273,54927,100.00
1274,73247,66.67
1275,66525,100.00
1276,77383,100.00
1277,66388,100.00
1278,66726,100.00
1279,63846,100.00
1280,68152,100.00
1281,62702,100.00
1282,66282,100.00
1283,70395,100.00
1284,73172,66.67
1285,66348,100.00
1286,64146,100.00
1287,58034,100.00
1288,64658,100.00
1289,69535,66.67
1290,71559,100.00
1291,65237,100.00
1292,60383,100.00
1293,69073,100.00
1294,50945,100.00
1295,67186,100.00
1296,66676,100.00
1297,63273,100.00
1298,68968,100.00
1299,68827,66.67
1300,63587,100.00
1301,68141,100.00
1302,72228,100.00
1303,68355,100.00
1304,67072,100.00
1305,60916,100.00
1306,66198,100.00
1307,53570,100.00
1308,70427,50.00
1309,68505,100.00
1310,56221,100.00
1311,66856,100.00
1312,66971,100.00
1313,39074,100.00
1314,66361,66.67
1315,68013,100.00
1316,63094,100.00
1317,67091,100.00
1318,58318,100.00
1319,48271,100.00
1320,68481,100.00
1321,67590,100.00
1322,73277,66.67
1323,72051,100.00
1324,67376,100.00
1325,34159,100.00
1326,69999,100.00
1327,74436,100.00
1328,50251,100.00
1329,65781,100.00
1330,68098,100.00
1331,46828,100.00
1332,74956,66.67
1333,70398,100.00
1334,44935,100.00
1335,66249,100.00
1336,68754,100.00
1337,53233,100.00
1338,71250,100.00
1339,66289,100.00
1340,49746,100.00
1341,71864,66.67
1342,69082,100.00
1343,62558,100.00
1344,68787,100.00
1345,67907,100.00
1346,75761,66.67
1347,69843,100.00
1348,66729,100.00
1349,59338,100.00
1350,75033,100.00
1351,66951,100.00
1352,66736,100.00
1353,68111,100.00
1354,62228,100.00
1355,68775,100.00
1356,70568,66.67
1357,67374,100.00
1358,62761,100.00
1359,78863,100.00
1360,72089,100.00
1361,62608,100.00
1362,69447,100.00
1363,67247,100.00
1364,67311,100.00
1365,75160,66.67
1366,62188,100.00
1367,65577,100.00
1368,67511,100.00
1369,69088,100.00
1370,68537,100.00
1371,62310,100.00
1372,62700,100.00
1373,65997,100.00
1374,60676,100.00
1375,68598,66.67
1376,68250,100.00
1377,56997,100.00
1378,64784,100.00
1379,68907,100.00
1380,64352,66.67
1381,72739,100.00
1382,61906,100.00
1383,57394,100.00
1384,73310,100.00
1385,56642,100.00
1386,53692,100.00
1387,71319,100.00
1388,68097,100.00
1389,66294,66.67
1390,67960,100.00
1391,68232,100.00
1392,46560,100.00
1393,72591,100.00
1394,77748,100.00
1395,50329,100.00
1396,65190,100.00
1397,65138,75.00
1398,63389,100.00
1399,70446,100.00
1400,65854,100.00
1401,59216,100.00
1402,66547,100.00
1403,69875,100.00
1404,64799,66.67
1405,66114,100.00
1406,67744,100.00
1407,71021,100.00
1408,71693,100.00
1409,58063,100.00
1410,62463,100.00
1411,87564,100.00
1412,70801,100.00
1413,71433,66.67
1414,64258,100.00
1415,60264,100.00
1416,64151,100.00
1417,72740,100.00
1418,73752,100.00
1419,68447,100.00
1420,92899,100.00
1421,66078,75.00
1422,73685,100.00
1423,62409,100.00
1424,65241,100.00
1425,69314,100.00
1426,57831,100.00
1427,73358,100.00
1428,66600,66.67
1429,47861,100.00
1430,69688,100.00
1431,68391,100.00
1432,72310,100.00
1433,53917,100.00
1434,67679,100.00
1435,39870,100.00
1436,70889,100.00
1437,73499,66.67
1438,45696,100.00
1439,65693,100.00
1440,68891,100.00
1441,51251,100.00
1442,66369,100.00
1443,65949,100.00
1444,49720,100.00
1445,67400,100.00
1446,68256,100.00
1447,54725,66.67
1448,68516,100.00
1449,66745,100.00
1450,67219,100.00
1451,75464,100.00
1452,68325,100.00
1453,41264,100.00
1454,66343,100.00
1455,71911,100.00
1456,69060,75.00
1457,63734,100.00
1458,65199,100.00
1459,67876,100.00
1460,70125,100.00
1461,69187,66.67
1462,60812,100.00
1463,63121,100.00
1464,66102,100.00
1465,61502,100.00
1466,65913,100.00
1467,64306,100.00
1468,62796,100.00
1469,66037,100.00
1470,62646,100.00
1471,62304,75.00
1472,64647,100.00
1473,69319,100.00
1474,53213,100.00
1475,67276,100.00
1476,61347,100.00
1477,61489,100.00
1478,67927,100.00
1479,122103,75.00
1480,73971,100.00
1481,64059,100.00
1482,64348,100.00
1483,68125,100.00
1484,50117,100.00
1485,68764,100.00
1486,70055,100.00
1487,62020,100.00
1488,71507,66.67
1489,65111,100.00
1490,59255,100.00
1491,66693,100.00
1492,65856,100.00
1493,55615,100.00
1494,68651,66.67
1495,66190,100.00
1496,42978,100.00
1497,68451,100.00
1498,70437,100.00
1499,67589,100.00
1500,67519,100.00
1501,66254,100.00
1502,30496,100.00
1503,58081,66.67
1504,68334,100.00
1505,43678,100.00
1506,68028,100.00
1507,65580,100.00
1508,52595,100.00
1509,70128,100.00
1510,66382,100.00
1511,53599,100.00
1512,73399,66.67
1513,66969,100.00
1514,52802,100.00
1515,69907,100.00
1516,67379,100.00
1517,55804,100.00
1518,66825,100.00
1519,66045,100.00
1520,37082,100.00
1521,66149,100.00
1522,67698,75.00
1523,53660,100.00
1524,67395,100.00
1525,64981,100.00
1526,40996,100.00
1527,71806,66.67
1528,67067,100.00
1529,37675,100.00
1530,63060,100.00
1531,68607,100.00
1532,52614,100.00
1533,70291,100.00
1534,85018,100.00
1535,45865,100.00
1536,69347,66.67
1537,54898,100.00
1538,61230,100.00
1539,68316,100.00
1540,64748,100.00
1541,65295,100.00
1542,67907,100.00
1543,53790,100.00
1544,61188,100.00
1545,68247,100.00
1546,67454,66.67
1547,59488,100.00
1548,64822,100.00
1549,61476,100.00
1550,61738,100.00
1551,68516,66.67
1552,63437,100.00
1553,64484,100.00
1554,67212,100.00
1555,64271,100.00
1556,43711,100.00
1557,65381,100.00
1558,65688,100.00
1559,67033,100.00
1560,76684,66.67
1561,68962,100.00
1562,66940,100.00
1563,56543,100.00
1564,70850,100.00
1565,72299,100.00
1566,63834,100.00
1567,63234,100.00
1568,63671,100.00
1569,51372,100.00
1570,68548,66.67
1571,67394,100.00
1572,46913,100.00
1573,64398,100.00
1574,68446,100.00
1575,63560,66.67
1576,67552,100.00
1577,65084,100.00
1578,54680,100.00
1579,70806,100.00
1580,53794,100.00
1581,48284,100.00
1582,68647,100.00
1583,67897,100.00
1584,63579,50.00
1585,66980,100.00
1586,66493,100.00
1587,46570,100.00
1588,71841,100.00
1589,76108,100.00
1590,52336,100.00
1591,65581,100.00
1592,70802,100.00
1593,57576,100.00
1594,69611,75.00
1595,67681,100.00
1596,54447,100.00
1597,65416,100.00
1598,68123,100.00
1599,57455,100.00
1600,67041,100.00
1601,68757,100.00
1602,71269,75.00
1603,65516,100.00
1604,61639,100.00
1605,57452,100.00
1606,65537,100.00
1607,57792,100.00
1608,71350,66.67
1609,65716,100.00
1610,58866,100.00
1611,67718,100.00
1612,65794,100.00
1613,68884,100.00
1614,65753,100.00
1615,64957,100.00
1616,66272,100.00
1617,63222,100.00
1618,66854,75.00
1619,61732,100.00
1620,61824,100.00
1621,66361,100.00
1622,57642,100.00
1623,59778,100.00
1624,63094,100.00
1625,66059,100.00
1626,68271,66.67
1627,64414,100.00
1628,49974,100.00
1629,63607,100.00
1630,67633,100.00
1631,64810,100.00
1632,64056,100.00
1633,64509,100.00
1634,53148,100.00
1635,70100,66.67
1636,67188,100.00
1637,65601,100.00
1638,65447,100.00
1639,63703,100.00
1640,66472,100.00
1641,52444,100.00
1642,73163,75.00
1643,55582,100.00
1644,65811,100.00
1645,73764,100.00
1646,66485,100.00
1647,64898,100.00
1648,54757,100.00
1649,86937,100.00
1650,72676,66.67
1651,53560,100.00
1652,65312,100.00
1653,66465,100.00
1654,50487,100.00
1655,64902,100.00
1656,70002,100.00
1657,56338,100.00
1658,62363,100.00
1659,67364,66.67
1660,59304,100.00
1661,69114,100.00
1662,69302,100.00
1663,40991,100.00
1664,66691,100.00
1665,69511,100.00
1666,56709,80.00
1667,66460,100.00
1668,71328,100.00
1669,65673,100.00
1670,65384,100.00
1671,64810,100.00
1672,53203,100.00
1673,47839,100.00
1674,67525,100.00
1675,61165,75.00
1676,50689,100.00
1677,66934,100.00
1678,51958,100.00
1679,75213,100.00
1680,70547,100.00
1681,46689,100.00
1682,51473,100.00
1683,57901,100.00
1684,64824,75.00
1685,44926,100.00
1686,67599,100.00
1687,45989,100.00
1688,48105,100.00
1689,73895,100.00
1690,66885,100.00
1691,36972,100.00
1692,65424,100.00
1693,65103,66.67
1694,59858,100.00
1695,69901,100.00
1696,60645,100.00
1697,34337,100.00
1698,56597,66.67
1699,65511,100.00
1700,47148,100.00
1701,68333,100.00
1702,64318,100.00
1703,64451,100.00
1704,71778,100.00
1705,61398,100.00
1706,39616,100.00
1707,67831,66.67
1708,65995,100.00
1709,49147,100.00
1710,66361,100.00
1711,64518,100.00
1712,62446,100.00
1713,66437,100.00
1714,62870,100.00
1715,39639,100.00
1716,68231,100.00
1717,64966,75.00
1718,44324,100.00
1719,63963,100.00
1720,62167,100.00
1721,38461,100.00
1722,72806,66.67
1723,64322,100.00
1724,41117,100.00
1725,66107,100.00
1726,65531,100.00
1727,44087,100.00
1728,68319,100.00
1729,61170,100.00
1730,42762,100.00
1731,65870,66.67
1732,62278,100.00
1733,35710,100.00
1734,68144,100.00
1735,67538,100.00
1736,70620,100.00
1737,65156,100.00
1738,62979,100.00
1739,40106,100.00
1740,68345,100.00
1741,68976,75.00
1742,35071,100.00
1743,65991,100.00
1744,62739,100.00
1745,33518,100.00
1746,71374,100.00
1747,64938,100.00
1748,47053,100.00
1749,54090,66.67
1750,66037,100.00
1751,48440,100.00
1752,67719,100.00
1753,65421,100.00
1754,49579,100.00
1755,66676,66.67
1756,63546,100.00
1757,56119,100.00
1758,65544,100.00
1759,67808,100.00
1760,67705,100.00
1761,64795,100.00
1762,63942,100.00
1763,39659,100.00
1764,64210,100.00
1765,72034,66.67
1766,65521,100.00
1767,66929,100.00
1768,64487,100.00
1769,64821,100.00
1770,69010,100.00
1771,66303,100.00
1772,64858,100.00
1773,59114,66.67
1774,65543,100.00
1775,65973,100.00
1776,50752,100.00
1777,66488,100.00
1778,54348,100.00
1779,64886,66.67
1780,63845,100.00
1781,64421,100.00
1782,41570,100.00
1783,68960,100.00
1784,66686,100.00
1785,46348,100.00
1786,62749,100.00
1787,66285,100.00
1788,50408,100.00
1789,71654,75.00
1790,65715,100.00
1791,56413,100.00
1792,66076,100.00
1793,68046,100.00
1794,58676,100.00
1795,66041,100.00
1796,68885,100.00
1797,65623,75.00
1798,68012,100.00
1799,57537,100.00
1800,62068,100.00
1801,64950,100.00
1802,55131,100.00
1803,52340,50.00
1804,65746,100.00
1805,61904,100.00
1806,62314,100.00
1807,68053,100.00
1808,68601,100.00
1809,61294,100.00
1810,63125,100.00
1811,67347,100.00
1812,63616,100.00
1813,69897,66.67
1814,64260,100.00
1815,66481,100.00
1816,68558,100.00
1817,60680,100.00
1818,64619,100.00
1819,62573,100.00
1820,64511,100.00
1821,57127,66.67
1822,65988,100.00
1823,62354,100.00
1824,64206,100.00
1825,57465,100.00
1826,65723,100.00
1827,66269,100.00
1828,65846,100.00
1829,37611,100.00
1830,69990,75.00
1831,44700,100.00
1832,69786,100.00
1833,66207,100.00
1834,64543,100.00
1835,65470,100.00
1836,62341,100.00
1837,54611,75.00
1838,66783,100.00
1839,65559,100.00
1840,63353,100.00
1841,65064,100.00
1842,63867,100.00
1843,45122,100.00
1844,69001,100.00
1845,69285,66.67
1846,72437,100.00
1847,58725,100.00
1848,65673,100.00
1849,57387,100.00
1850,55210,100.00
1851,70734,100.00
1852,49216,100.00
1853,67357,100.00
1854,71431,66.67
1855,53606,100.00
1856,69760,100.00
1857,64742,100.00
1858,56590,100.00
1859,68887,100.00
1860,72330,100.00
1861,64098,75.00
1862,65142,100.00
1863,66209,100.00
1864,66059,100.00
1865,65668,100.00
1866,62340,100.00
1867,64370,100.00
1868,64115,100.00
1869,75479,66.67
1870,67900,100.00
1871,65829,100.00
1872,67090,100.00
1873,62820,100.00
1874,67470,100.00
1875,69438,100.00
1876,65024,100.00
1877,61649,100.00
1878,71532,75.00
1879,55577,100.00
1880,69754,100.00
1881,66317,100.00
1882,62209,100.00
1883,69462,100.00
1884,71171,100.00
1885,67535,100.00
1886,63028,100.00
1887,70254,100.00
1888,71403,66.67
1889,72191,100.00
1890,62917,100.00
1891,63906,100.00
1892,58047,100.00
1893,68357,50.00
1894,69058,100.00
1895,61576,100.00
1896,64992,100.00
1897,69964,100.00
1898,41134,100.00
1899,71315,100.00
1900,65783,100.00
1901,63802,100.00
1902,71902,100.00
1903,54918,66.67
1904,53336,100.00
1905,70337,100.00
1906,68111,100.00
1907,66054,100.00
1908,66312,100.00
1909,62925,100.00
1910,36822,100.00
1911,71671,100.00
1912,64776,75.00
1913,43704,100.00
1914,66839,100.00
1915,64778,100.00
1916,41831,100.00
1917,72551,66.67
1918,68514,100.00
1919,39222,100.00
1920,63463,100.00
1921,64891,100.00
1922,55066,100.00
1923,71150,100.00
1924,66741,100.00
1925,40328,100.00
1926,75213,100.00
1927,69205,75.00
1928,55780,100.00
1929,68729,100.00
1930,70158,100.00
1931,58033,100.00
1932,61363,100.00
1933,67680,100.00
1934,53482,100.00
1935,64859,100.00
1936,67439,66.67
1937,62113,100.00
1938,63340,100.00
1939,67361,100.00
1940,57824,100.00
1941,66913,100.00
1942,64320,100.00
1943,61790,100.00
1944,69498,66.67
1945,61234,100.00
1946,59132,100.00
1947,67255,100.00
1948,63445,100.00
1949,50099,100.00
1950,64196,100.00
1951,60648,100.00
1952,48686,100.00
1953,67430,100.00
1954,65175,100.00
1955,65690,50.00
1956,64905,100.00
1957,56054,100.00
1958,60364,100.00
1959,65926,100.00
1960,68195,66.67
1961,62674,100.00
1962,60739,100.00
1963,65276,100.00
1964,60356,100.00
1965,66834,100.00
1966,61664,100.00
1967,61555,100.00
1968,66879,66.67
1969,61391,100.00
1970,60677,100.00
1971,57584,100.00
1972,68288,100.00
1973,58206,100.00
1974,67241,100.00
1975,59342,100.00
1976,64787,100.00
1977,55026,100.00
1978,56251,75.00
1979,70618,100.00
1980,66077,100.00
1981,62937,100.00
1982,69554,100.00
1983,43908,100.00
1984,62569,75.00
1985,66941,100.00
1986,67011,100.00
1987,64082,100.00
1988,52560,100.00
1989,63726,100.00
1990,66426,100.00
1991,67327,100.00
1992,74824,50.00
1993,72017,100.00
1994,68596,100.00
1995,54993,100.00
1996,71970,100.00
1997,67112,100.00
1998,57170,100.00
1999,64566,100.00
2000,83067,100.00
2001,46687,100.00
2002,55270,75.00
2003,69613,100.00
2004,43005,100.00
2005,63064,100.00
2006,68981,100.00
2007,49269,100.00
2008,72065,75.00
2009,65244,100.00
2010,55398,100.00
2011,67081,100.00
2012,62226,100.00
2013,55669,100.00
2014,67505,100.00
2015,70302,100.00
2016,61312,66.67
2017,65267,100.00
2018,64598,100.00
2019,58796,100.00
2020,72307,100.00
2021,71473,100.00
2022,66149,100.00
2023,65635,100.00
2024,72080,100.00
2025,60908,100.00
2026,68651,75.00
2027,64962,100.00
2028,60178,100.00
2029,63554,100.00
2030,71380,100.00
2031,47449,100.00
2032,66638,100.00
2033,65524,100.00
2034,64668,100.00
2035,74503,66.67
2036,63426,100.00
2037,63705,100.00
2038,68050,100.00
2039,69880,100.00
2040,67797,50.00
2041,66602,100.00
2042,64171,100.00
2043,66917,100.00
2044,70463,100.00
2045,68129,100.00
2046,63794,100.00
2047,59688,100.00
2048,67752,100.00
2049,66787,100.00
2050,60615,80.00
2051,65918,100.00
2052,65717,100.00
2053,65797,100.00
2054,64040,100.00
2055,68155,100.00
2056,60782,100.00
2057,69180,100.00
2058,70675,75.00
2059,68194,100.00
2060,31552,100.00
2061,64205,100.00
2062,61541,100.00
2063,56710,100.00
2064,69477,100.00
2065,68172,100.00
2066,38568,100.00
2067,64110,100.00
2068,64705,75.00
2069,66954,100.00
2070,68898,100.00
2071,65166,100.00
2072,60912,100.00
2073,64100,100.00
2074,66036,75.00
2075,64427,100.00
2076,66852,100.00
2077,59249,100.00
2078,66883,100.00
2079,64763,100.00
2080,52827,100.00
2081,63188,100.00
2082,72318,66.67
2083,72130,100.00
2084,61602,100.00
2085,63238,100.00
2086,40844,100.00
2087,67659,100.00
2088,68920,100.00
2089,64950,100.00
2090,55546,100.00
2091,67820,66.67
2092,46756,100.00
2093,68906,100.00
2094,67368,100.00
2095,55639,100.00
2096,69047,100.00
2097,68456,100.00
2098,59819,75.00
2099,64823,100.00
2100,65578,100.00
2101,76869,100.00
2102,62075,100.00
2103,64407,100.00
2104,45255,100.00
2105,67390,100.00
2106,69796,50.00
2107,55024,100.00
2108,64362,100.00
2109,65180,100.00
2110,45978,100.00
2111,69341,100.00
2112,64032,100.00
2113,48318,100.00
2114,63313,100.00
2115,65493,66.67
2116,47010,100.00
2117,66975,100.00
2118,66985,100.00
2119,47885,100.00
2120,62717,100.00
2121,59179,100.00
2122,61311,100.00
2123,62850,100.00
2124,65625,100.00
2125,67203,75.00
2126,61190,100.00
2127,63543,100.00
2128,59524,100.00
2129,61713,100.00
2130,67016,66.67
2131,62078,100.00
2132,64958,100.00
2133,60744,100.00
2134,57756,100.00
2135,64563,100.00
2136,61644,100.00
2137,60790,100.00
2138,49603,100.00
2139,49355,75.00
2140,56158,100.00
2141,63861,100.00
2142,66311,100.00
2143,63988,100.00
2144,71210,100.00
2145,59003,100.00
2146,61898,100.00
2147,57852,100.00
2148,67940,100.00
2149,68845,66.67
2150,69223,100.00
2151,56200,100.00
2152,62097,100.00
2153,50422,100.00
2154,70916,66.67
2155,65948,100.00
2156,58295,100.00
2157,52902,100.00
2158,66238,100.00
2159,54342,100.00
2160,67881,100.00
2161,65759,100.00
2162,35637,100.00
2163,66673,100.00
2164,67882,66.67
2165,43407,100.00
2166,65696,100.00
2167,61741,100.00
2168,56552,100.00
2169,65752,100.00
2170,64150,100.00
2171,39921,100.00
2172,67187,100.00
2173,69209,66.67
2174,43800,100.00
2175,63291,100.00
2176,64995,100.00
2177,40100,100.00
2178,70075,100.00
2179,62534,100.00
2180,38667,100.00
2181,65851,66.67
2182,64750,100.00
2183,56804,100.00
2184,67054,100.00
2185,64114,100.00
2186,49722,100.00
2187,65339,66.67
2188,65767,100.00
2189,53639,100.00
2190,65108,100.00
2191,64919,100.00
2192,67113,100.00
2193,66730,100.00
2194,64973,100.00
2195,35459,100.00
2196,64276,100.00
2197,68372,75.00
2198,59509,100.00
2199,63917,100.00
2200,63687,100.00
2201,58250,100.00
2202,71799,100.00
2203,64356,100.00
2204,61534,100.00
2205,66098,66.67
2206,59761,100.00
2207,65652,100.00
2208,64876,100.00
2209,67382,100.00
2210,67361,50.00
2211,65867,100.00
2212,45005,100.00
2213,62004,100.00
2214,66944,100.00
2215,67135,100.00
2216,72671,100.00
2217,65593,100.00
2218,61220,100.00
2219,66935,100.00
2220,69668,66.67
2221,69323,100.00
2222,61049,100.00
2223,69248,100.00
2224,68716,100.00
2225,63966,100.00
2226,72186,100.00
2227,65942,100.00
2228,48677,100.00
2229,73171,50.00
2230,66525,100.00
2231,68685,100.00
2232,61186,100.00
2233,68367,100.00
2234,61158,100.00
2235,65659,100.00
2236,62194,100.00
2237,66765,100.00
2238,45947,100.00
2239,66169,66.67
2240,68053,100.00
2241,49182,100.00
2242,64171,100.00
2243,67804,100.00
2244,54858,100.00
2245,66947,80.00
2246,66248,100.00
2247,48842,100.00
2248,68344,100.00
2249,64106,100.00
2250,57338,100.00
2251,67212,100.00
2252,66909,100.00
2253,65151,50.00
2254,66071,100.00
2255,66004,100.00
2256,47704,100.00
2257,72235,100.00
2258,70606,100.00
2259,53032,100.00
2260,67093,100.00
2261,63790,100.00
2262,58956,66.67
2263,69735,100.00
2264,70811,100.00
2265,49926,100.00
2266,63672,100.00
2267,64951,100.00
2268,56067,66.67
2269,64209,100.00
2270,67238,100.00
2271,52332,100.00
2272,67429,100.00
2273,63690,100.00
2274,60803,100.00
2275,66661,100.00
2276,64465,100.00
2277,76301,66.67
2278,68603,100.00
2279,62632,100.00
2280,63577,100.00
2281,68668,100.00
2282,69827,100.00
2283,66910,100.00
2284,63658,100.00
2285,62481,66.67
2286,66033,100.00
2287,66186,100.00
2288,65949,100.00
2289,62652,100.00
2290,55668,100.00
2291,62230,100.00
2292,66326,100.00
2293,66953,100.00
2294,67257,100.00
2295,55376,75.00
2296,73724,100.00
2297,39956,100.00
2298,67886,100.00
2299,62575,100.00
2300,71106,100.00
2301,73101,50.00
2302,58898,100.00
2303,63753,100.00
2304,64141,100.00
2305,61370,100.00
2306,72300,100.00
2307,66485,100.00
2308,59066,100.00
2309,60314,100.00
2310,69115,100.00
2311,60524,75.00
2312,64894,100.00
2313,66415,100.00
2314,54328,100.00
2315,66284,100.00
2316,68217,100.00
2317,48703,100.00
2318,64056,100.00
2319,66478,100.00
2320,69710,75.00
2321,66110,100.00
2322,63297,100.00
2323,48169,100.00
2324,67212,100.00
2325,74745,66.67
2326,65620,100.00
2327,67451,100.00
2328,70271,100.00
2329,68480,100.00
2330,67424,100.00
2331,64686,100.00
2332,61911,100.00
2333,66298,100.00
2334,63754,100.00
2335,63634,75.00
2336,62438,100.00
2337,62893,100.00
2338,69973,100.00
2339,69241,100.00
2340,58625,100.00
2341,69522,100.00
2342,64854,100.00
2343,72363,100.00
2344,69365,75.00
2345,66757,100.00
2346,62339,100.00
2347,61788,100.00
2348,68985,100.00
2349,67434,50.00
2350,66898,100.00
2351,65370,100.00
2352,66218,100.00
2353,66629,100.00
2354,65350,100.00
2355,68216,100.00
2356,66514,100.00
2357,57823,100.00
2358,69897,100.00
2359,67121,75.00
2360,51392,100.00
2361,65129,100.00
2362,54282,100.00
2363,63444,100.00
2364,65585,100.00
2365,63162,100.00
2366,45492,100.00
2367,59226,100.00
2368,72607,75.00
2369,39352,100.00
2370,64386,100.00
2371,43931,100.00
2372,52931,100.00
2373,74040,100.00
2374,66191,100.00
2375,56255,100.00
2376,64694,66.67
2377,68700,100.00
2378,52486,100.00
2379,67351,100.00
2380,67607,100.00
2381,60607,100.00
2382,67809,100.00
2383,63433,100.00
2384,49820,100.00
2385,69406,100.00
2386,63873,75.00
2387,59127,100.00
2388,67926,100.00
2389,65155,100.00
2390,39978,100.00
2391,55118,100.00
2392,72613,80.00
2393,63831,100.00
2394,70419,100.00
2395,66190,100.00
2396,61726,100.00
2397,73557,100.00
2398,63013,100.00
2399,61366,100.00
2400,66585,100.00
2401,56638,100.00
2402,65669,66.67
2403,66502,100.00
2404,65323,100.00
2405,69212,100.00
2406,66859,100.00
2407,45372,100.00
2408,63076,100.00
2409,69260,100.00
2410,67832,66.67
2411,67341,100.00
2412,68139,100.00
2413,62304,100.00
2414,63702,100.00
2415,68859,100.00
2416,66944,100.00
2417,64983,100.00
2418,70463,100.00
2419,66469,75.00
2420,60050,100.00
2421,65385,100.00
2422,64882,100.00
2423,58125,100.00
2424,70810,66.67
2425,61812,100.00
2426,68569,100.00
2427,60426,100.00
2428,69223,100.00
2429,69261,100.00
2430,61662,100.00
2431,65150,100.00
2432,65674,100.00
2433,49387,100.00
2434,65073,66.67
2435,66534,100.00
2436,57500,100.00
2437,59426,100.00
2438,62664,100.00
2439,46280,100.00
2440,66519,100.00
2441,63882,100.00
2442,40973,66.67
2443,70972,100.00
2444,62717,100.00
2445,48751,100.00
2446,67113,100.00
2447,63822,100.00
2448,56224,50.00
2449,63639,100.00
2450,60799,100.00
2451,46752,100.00
2452,68198,100.00
2453,80206,100.00
2454,56001,100.00
2455,63210,100.00
2456,67048,100.00
2457,51633,100.00
2458,70009,75.00
2459,66180,100.00
2460,47935,100.00
2461,62912,100.00
2462,64745,100.00
2463,57572,100.00
2464,62380,100.00
2465,67030,100.00
2466,45360,100.00
2467,59762,75.00
2468,54872,100.00
2469,67000,100.00
2470,67651,100.00
2471,66622,100.00
2472,76845,66.67
2473,70038,100.00
2474,54669,100.00
2475,63661,100.00
2476,73104,100.00
2477,67990,100.00
2478,65019,100.00
2479,66450,100.00
2480,63679,100.00
2481,67204,100.00
2482,66874,75.00
2483,63028,100.00
2484,65744,100.00
2485,56947,100.00
2486,56666,100.00
2487,65857,100.00
2488,64892,100.00
2489,66376,100.00
2490,57884,66.67
2491,72749,100.00
2492,36967,100.00
2493,65929,100.00
2494,67585,100.00
2495,68958,100.00
2496,68587,100.00
2497,59054,100.00
2498,58717,100.00
2499,68981,100.00
2500,59805,75.00
2501,71846,100.00
2502,66269,100.00
2503,60790,100.00
2504,56578,100.00
2505,67863,100.00
2506,53382,75.00
2507,72015,100.00
2508,69646,100.00
2509,42418,100.00
2510,68816,100.00
2511,67328,100.00
2512,60128,100.00
2513,65777,100.00
2514,55395,100.00
2515,66050,75.00
2516,66995,100.00
2517,65883,100.00
2518,44709,100.00
2519,85833,100.00
2520,74729,100.00
2521,46124,100.00
2522,63938,100.00
2523,67239,66.67
2524,48982,100.00
2525,70052,100.00
2526,67526,100.00
2527,47353,100.00
2528,67717,100.00
2529,70340,100.00
2530,61211,66.67
2531,86668,100.00
2532,71172,100.00
2533,46789,100.00
2534,60483,100.00
2535,64414,100.00
2536,63707,100.00
2537,65629,100.00
2538,58125,100.00
2539,69003,80.00
2540,64822,100.00
2541,54368,100.00
2542,59726,100.00
2543,69180,100.00
2544,73962,100.00
2545,63116,100.00
2546,67841,100.00
2547,61245,66.67
2548,63257,100.00
2549,71217,100.00
2550,65374,100.00
2551,65993,100.00
2552,64107,100.00
2553,61236,100.00
2554,62858,100.00
2555,63920,100.00
2556,71125,100.00
2557,65367,75.00
2558,62886,100.00
2559,61244,100.00
2560,64106,100.00
2561,64992,100.00
2562,71296,66.67
2563,69931,100.00
2564,64444,100.00
2565,63206,100.00
2566,67020,100.00
2567,61455,100.00
2568,68922,100.00
2569,70891,100.00
2570,61559,100.00
2571,64684,100.00
2572,66081,100.00
2573,64594,66.67
2574,64794,100.00
2575,67521,100.00
2576,74095,100.00
2577,72370,100.00
2578,65185,100.00
2579,43203,100.00
2580,74591,100.00
2581,68233,75.00
2582,52786,100.00
2583,65358,100.00
2584,63252,100.00
2585,41887,100.00
2586,69081,100.00
2587,68396,80.00
2588,34755,100.00
2589,64598,100.00
2590,64798,100.00
2591,54488,100.00
2592,69223,100.00
2593,67526,100.00
2594,44256,100.00
2595,66644,100.00
2596,64398,100.00
2597,68671,66.67
2598,67156,100.00
2599,69124,100.00
2600,62856,100.00
2601,64542,100.00
2602,66019,100.00
2603,36978,100.00
2604,70849,100.00
2605,66281,66.67
2606,59739,100.00
2607,66817,100.00
2608,53674,100.00
2609,57449,100.00
2610,66749,100.00
2611,59201,100.00
2612,57046,100.00
2613,64481,100.00
2614,63593,75.00
2615,59505,100.00
2616,66603,100.00
2617,64596,100.00
2618,61119,100.00
2619,68017,100.00
2620,57441,100.00
2621,61259,100.00
2622,65983,100.00
2623,67454,100.00
2624,67730,66.67
2625,65855,100.00
2626,60156,100.00
2627,64062,100.00
2628,68317,100.00
2629,63273,75.00
2630,61185,100.00
2631,63811,100.00
2632,56541,100.00
2633,64979,100.00
2634,66477,100.00
2635,64051,100.00
2636,58284,100.00
2637,62816,66.67
2638,62589,100.00
2639,66208,100.00
2640,59523,100.00
2641,63630,100.00
2642,64559,100.00
2643,68845,100.00
2644,57467,100.00
2645,61553,100.00
2646,56747,100.00
2647,62086,100.00
2648,69009,66.67
2649,56689,100.00
2650,61410,100.00
2651,57910,100.00
2652,55233,100.00
2653,66721,80.00
2654,56435,100.00
2655,56980,100.00
2656,56676,100.00
2657,61834,100.00
2658,57518,100.00
2659,63879,100.00
2660,66155,100.00
2661,50687,66.67
2662,69328,100.00
2663,65279,100.00
2664,38652,100.00
2665,64067,100.00
2666,54021,100.00
2667,58577,100.00
2668,65438,100.00
2669,58257,100.00
2670,40716,100.00
2671,65883,66.67
2672,64857,100.00
2673,44031,100.00
2674,60155,100.00
2675,64232,100.00
2676,46696,100.00
2677,71663,100.00
2678,64313,100.00
2679,41767,100.00
2680,63921,75.00
2681,62230,100.00
2682,60062,100.00
2683,65964,100.00
2684,67940,100.00
2685,67621,66.67
2686,65405,100.00
2687,63432,100.00
2688,57357,100.00
2689,66698,100.00
2690,70820,100.00
2691,65458,100.00
2692,64104,100.00
2693,64797,100.00
2694,61510,100.00
2695,68318,75.00
2696,63947,100.00
2697,50389,100.00
2698,63226,100.00
2699,67663,100.00
2700,63135,100.00
2701,68184,100.00
2702,62794,100.00
2703,63061,100.00
2704,65836,75.00
2705,64286,100.00
2706,62693,100.00
2707,66845,100.00
2708,66539,100.00
2709,71854,66.67
2710,62486,100.00
2711,64905,100.00
2712,62347,100.00
2713,64668,100.00
2714,68450,100.00
2715,66079,100.00
2716,62958,100.00
2717,49243,100.00
2718,67611,100.00
2719,64813,75.00
2720,67683,100.00
2721,64014,100.00
2722,53135,100.00
2723,41759,100.00
2724,66727,100.00
2725,68489,100.00
2726,61724,100.00
2727,90921,100.00
2728,74393,66.67
2729,69223,100.00
2730,69850,100.00
2731,60445,100.00
2732,69422,100.00
2733,77297,66.67
2734,59379,100.00
2735,65753,100.00
2736,63158,100.00
2737,58237,100.00
2738,67078,100.00
2739,67261,100.00
2740,54621,100.00
2741,49676,100.00
2742,70632,100.00
2743,58521,66.67
2744,67495,100.00
2745,67250,100.00
2746,50260,100.00
2747,68083,100.00
2748,70073,100.00
2749,48846,100.00
2750,66444,100.00
2751,55898,100.00
2752,72701,75.00
2753,67555,100.00
2754,64890,100.00
2755,42865,100.00
2756,70889,100.00
2757,70931,100.00
2758,51266,100.00
2759,63365,100.00
2760,68302,66.67
2761,44813,100.00
2762,66189,100.00
2763,66820,100.00
2764,46986,100.00
2765,66530,100.00
2766,65087,100.00
2767,59976,66.67
2768,61424,100.00
2769,60954,100.00
2770,52369,100.00
2771,73452,100.00
2772,56650,100.00
2773,64754,100.00
2774,62044,100.00
2775,69323,100.00
2776,68994,75.00
2777,67208,100.00
2778,60393,100.00
2779,64941,100.00
2780,70628,100.00
2781,69374,100.00
2782,63146,100.00
2783,63062,100.00
2784,60869,75.00
2785,66298,100.00
2786,63946,100.00
2787,64076,100.00
2788,64508,100.00
2789,58716,100.00
2790,67845,100.00
2791,66035,75.00
2792,60773,100.00
2793,63786,100.00
2794,72701,100.00
2795,69776,100.00
2796,63865,100.00
2797,62188,100.00
2798,53640,100.00
2799,58219,100.00
2800,73189,80.00
2801,51779,100.00
2802,64043,100.00
2803,69250,100.00
2804,60360,100.00
2805,67914,100.00
2806,68802,100.00
2807,64025,100.00
2808,67015,66.67
2809,64142,100.00
2810,53440,100.00
2811,69122,100.00
2812,66035,100.00
2813,65973,100.00
2814,72553,100.00
2815,63910,100.00
2816,41444,100.00
2817,67204,100.00
2818,54594,75.00
2819,63855,100.00
2820,65907,100.00
2821,61903,100.00
2822,41924,100.00
2823,70963,100.00
2824,73433,75.00
2825,41803,100.00
2826,68964,100.00
2827,66127,100.00
2828,45491,100.00
2829,71889,100.00
2830,66466,100.00
2831,48342,100.00
2832,68307,100.00
2833,63829,100.00
2834,58623,66.67
2835,68503,100.00
2836,68466,100.00
2837,65282,100.00
2838,68985,100.00
2839,59049,100.00
2840,58694,100.00
2841,68480,100.00
2842,73249,66.67
2843,69194,100.00
2844,69789,100.00
2845,63256,100.00
2846,65064,100.00
2847,87747,100.00
2848,65750,100.00
2849,68040,100.00
2850,69886,100.00
2851,70655,66.67
2852,74880,100.00
2853,63899,100.00
2854,65842,100.00
2855,66854,100.00
2856,67518,100.00
2857,63176,75.00
2858,66346,100.00
2859,69349,100.00
2860,70617,100.00
2861,64350,100.00
2862,70681,100.00
2863,63782,100.00
2864,60649,100.00
2865,60007,100.00
2866,62260,75.00
2867,69282,100.00
2868,59944,100.00
2869,65927,100.00
2870,66421,100.00
2871,50590,100.00
2872,68681,100.00
2873,67559,100.00
2874,64363,100.00
2875,42106,75.00
2876,65281,100.00
2877,65445,100.00
2878,65311,100.00
2879,51954,100.00
2880,69654,100.00
2881,59932,100.00
2882,61870,100.00
2883,65816,100.00
2884,56163,100.00
2885,69771,66.67
2886,70372,100.00
2887,57935,100.00
2888,62781,100.00
2889,50031,100.00
2890,70192,75.00
2891,67132,100.00
2892,68442,100.00
2893,60091,100.00
2894,64750,100.00
2895,69680,100.00
2896,63982,100.00
2897,62453,100.00
2898,63183,66.67
2899,63623,100.00
2900,65034,100.00
2901,65589,100.00
2902,62000,100.00
2903,72065,100.00
2904,69136,100.00
2905,60177,100.00
2906,56221,100.00
2907,66202,100.00
2908,73529,66.67
2909,75528,100.00
2910,66156,100.00
2911,67377,100.00
2912,60137,100.00
2913,64036,100.00
2914,71421,100.00
2915,65541,100.00
2916,55276,100.00
2917,49545,75.00
2918,67166,100.00
2919,68517,100.00
2920,67404,100.00
2921,62565,100.00
2922,71169,66.67
2923,68035,100.00
2924,65370,100.00
2925,44088,100.00
2926,81570,100.00
2927,69422,100.00
2928,52861,100.00
2929,66529,100.00
2930,64607,100.00
2931,48267,100.00
2932,66042,66.67
2933,67836,100.00
2934,43367,100.00
2935,64201,100.00
2936,67656,100.00
2937,55371,100.00
2938,67656,100.00
2939,66617,100.00
2940,44857,75.00
2941,68781,100.00
2942,66353,100.00
2943,51955,100.00
2944,67396,100.00
2945,63633,100.00
2946,65118,50.00
2947,65609,100.00
2948,62049,100.00
2949,43574,100.00
2950,66146,100.00
2951,69118,100.00
2952,46403,100.00
2953,66742,100.00
2954,66159,100.00
2955,45647,100.00
2956,69472,75.00
2957,64757,100.00
2958,49223,100.00
2959,65143,100.00
2960,65149,100.00
2961,56017,100.00
2962,62033,100.00
2963,65373,100.00
2964,50013,66.67
2965,66945,100.00
2966,59239,100.00
2967,56783,100.00
2968,65594,100.00
2969,55587,100.00
2970,55572,100.00
2971,67694,100.00
2972,62080,100.00
2973,60575,100.00
2974,51940,100.00
2975,71729,66.67
2976,61825,100.00
2977,64790,100.00
2978,60751,100.00
2979,57462,100.00
2980,71448,80.00
2981,61742,100.00
2982,67071,100.00
2983,62058,100.00
2984,60157,100.00
2985,66285,100.00
2986,64525,100.00
2987,65740,100.00
2988,66946,66.67
2989,69649,100.00
2990,35883,100.00
2991,63142,100.00
2992,61327,100.00
2993,59303,100.00
2994,67166,100.00
2995,66056,100.00
2996,65295,100.00
2997,65598,66.67
2998,54767,100.00
2999,66558,100.00
3000,85412,100.00
3001,63336,100.00
3002,63422,100.00
3003,62783,100.00
3004,55302,75.00
3005,62252,100.00
3006,69476,100.00
3007,73289,100.00
3008,68989,100.00
3009,67106,100.00
3010,46711,100.00
3011,73187,100.00
3012,73569,66.67
3013,53370,100.00
3014,69470,100.00
3015,62235,100.00
3016,51716,100.00
3017,71431,100.00
3018,72238,100.00
3019,55066,100.00
3020,65593,100.00
3021,67890,66.67
3022,57539,100.00
3023,68085,100.00
3024,69791,100.00
3025,60532,100.00
3026,72583,100.00
3027,68079,100.00
3028,59555,100.00
3029,67054,100.00
3030,72279,100.00
3031,61787,75.00
3032,66156,100.00
3033,66421,100.00
3034,46357,100.00
3035,66638,100.00
3036,66567,66.67
3037,48327,100.00
3038,65806,100.00
3039,66830,100.00
3040,57477,100.00
3041,68693,100.00
3042,71173,100.00
3043,50962,100.00
3044,68094,100.00
3045,64881,66.67
3046,56429,100.00
3047,68201,100.00
3048,70889,100.00
3049,62488,100.00
3050,63546,100.00
3051,66070,100.00
3052,68685,100.00
3053,67456,100.00
3054,69691,100.00
3055,84760,66.67
3056,70872,100.00
3057,64879,100.00
3058,64281,100.00
3059,61422,100.00
3060,76053,50.00
3061,75322,100.00
3062,48074,100.00
3063,62539,100.00
3064,65516,100.00
3065,35874,100.00
3066,65855,100.00
3067,66486,100.00
3068,58317,100.00
3069,64937,100.00
3070,67113,75.00
3071,53125,100.00
3072,70343,100.00
3073,66488,100.00
3074,63316,100.00
3075,68079,100.00
3076,66379,100.00
3077,33868,100.00
3078,69973,100.00
3079,69254,75.00
3080,50936,100.00
3081,66229,100.00
3082,64365,100.00
3083,38509,100.00
3084,68334,100.00
3085,66348,100.00
3086,45872,100.00
3087,65844,100.00
3088,66773,75.00
3089,53229,100.00
3090,68935,100.00
3091,66612,100.00
3092,42177,100.00
3093,71150,100.00
3094,65839,66.67
3095,57970,100.00
3096,66218,100.00
3097,66563,100.00
3098,56328,100.00
3099,68461,100.00
3100,61686,100.00
3101,48776,100.00
3102,68991,100.00
3103,68902,66.67
3104,63516,100.00
3105,66887,100.00
3106,66934,100.00
3107,60154,100.00
3108,72528,100.00
3109,65337,100.00
3110,64185,100.00
3111,66186,66.67
3112,64869,100.00
3113,49596,100.00
3114,67810,100.00
3115,62481,100.00
3116,67144,100.00
3117,74865,66.67
3118,55694,100.00
3119,63347,100.00
3120,66090,100.00
3121,70340,100.00
3122,67801,100.00
3123,67631,100.00
3124,56889,100.00
3125,68906,100.00
3126,63529,100.00
3127,67679,75.00
3128,69474,100.00
3129,59950,100.00
3130,48121,100.00
3131,63621,100.00
3132,59935,100.00
3133,69737,100.00
3134,62016,100.00
3135,53393,75.00
3136,66093,100.00
3137,64594,100.00
3138,42712,100.00
3139,67976,100.00
3140,54700,100.00
3141,55942,100.00
3142,64601,100.00
3143,63010,100.00
3144,40223,100.00
3145,66237,100.00
3146,71655,66.67
3147,48145,100.00
3148,62134,100.00
3149,63858,100.00
3150,43365,100.00
3151,68060,75.00
3152,65563,100.00
3153,47179,100.00
3154,65541,100.00
3155,62547,100.00
3156,57373,100.00
3157,63551,100.00
3158,64906,100.00
3159,55221,75.00
3160,67853,100.00
3161,69644,100.00
3162,59715,100.00
3163,68702,100.00
3164,57811,100.00
3165,72997,100.00
3166,65261,100.00
3167,54064,100.00
3168,65982,100.00
3169,66773,100.00
3170,80552,50.00
3171,67181,100.00
3172,68148,100.00
3173,65217,100.00
3174,61088,100.00
3175,66992,75.00
3176,63172,100.00
3177,65112,100.00
3178,66078,100.00
3179,68069,100.00
3180,66760,100.00
3181,66557,100.00
3182,65187,100.00
3183,72788,66.67
3184,66696,100.00
3185,59822,100.00
3186,66059,100.00
3187,65857,100.00
3188,54704,100.00
3189,70880,100.00
3190,64004,100.00
3191,60224,100.00
3192,65941,66.67
3193,67078,100.00
3194,67431,100.00
3195,67027,100.00
3196,65425,100.00
3197,59218,100.00
3198,62249,100.00
3199,72580,100.00
3200,63296,100.00
3201,66193,100.00
3202,71187,75.00
3203,62214,100.00
3204,66960,100.00
3205,58856,100.00
3206,66725,100.00
3207,77291,66.67
3208,64796,100.00
3209,63300,100.00
3210,64137,100.00
3211,47818,100.00
3212,64030,100.00
3213,69571,100.00
3214,44583,100.00
3215,64852,100.00
3216,67298,100.00
3217,58970,100.00
3218,71312,66.67
3219,69982,100.00
3220,39722,100.00
3221,69610,100.00
3222,66818,100.00
3223,64340,100.00
3224,61389,100.00
3225,68905,100.00
3226,63505,66.67
3227,65500,100.00
3228,67315,100.00
3229,41801,100.00
3230,69802,100.00
3231,68865,50.00
3232,46968,100.00
3233,60984,100.00
3234,62335,100.00
3235,51243,100.00
3236,68040,100.00
3237,68899,100.00
3238,47133,100.00
3239,65718,100.00
3240,66753,100.00
3241,50191,80.00
3242,67001,100.00
3243,65058,100.00
3244,46977,100.00
3245,64224,100.00
3246,61297,100.00
3247,62869,100.00
3248,65314,100.00
3249,66644,100.00
3250,68155,75.00
3251,66220,100.00
3252,63162,100.00
3253,53997,100.00
3254,64866,100.00
3255,73876,100.00
3256,46396,100.00
3257,65253,100.00
3258,69889,66.67
3259,62223,100.00
3260,68866,100.00
3261,63428,100.00
3262,61805,100.00
3263,63896,100.00
3264,62436,100.00
3265,63737,75.00
3266,63926,100.00
3267,62517,100.00
3268,66215,100.00
3269,64882,100.00
3270,50463,100.00
3271,63915,100.00
3272,67581,100.00
3273,57610,100.00
3274,67343,75.00
3275,60324,100.00
3276,63120,100.00
3277,59249,100.00
3278,68969,100.00
3279,70456,100.00
3280,66037,100.00
3281,63290,100.00
3282,66067,66.67
3283,66277,100.00
3284,61962,100.00
3285,66441,100.00
3286,65008,100.00
3287,57517,100.00
3288,66428,100.00
3289,61211,100.00
3290,55952,100.00
3291,66069,100.00
3292,69120,75.00
3293,61236,100.00
3294,60572,100.00
3295,65692,100.00
3296,47079,100.00
3297,61678,100.00
3298,71556,75.00
3299,51893,100.00
3300,66804,100.00
3301,69087,100.00
3302,55584,100.00
3303,68851,100.00
3304,66425,100.00
3305,63301,100.00
3306,68538,66.67
3307,69261,100.00
3308,67874,100.00
3309,69739,100.00
3310,66722,100.00
3311,72250,100.00
3312,73402,100.00
3313,66012,100.00
3314,43901,100.00
3315,67959,100.00
3316,72615,66.67
3317,47959,100.00
3318,68526,100.00
3319,67802,100.00
3320,39383,100.00
3321,57099,66.67
3322,68142,100.00
3323,44726,100.00
3324,67054,100.00
3325,64802,100.00
3326,60354,100.00
3327,69080,100.00
3328,65214,100.00
3329,55626,100.00
3330,69443,100.00
3331,63641,75.00
3332,49965,100.00
3333,70010,100.00
3334,69527,100.00
3335,66469,100.00
3336,70002,100.00
3337,69180,100.00
3338,41535,100.00
3339,70456,100.00
3340,69867,66.67
3341,42847,100.00
3342,63535,100.00
3343,67535,100.00
3344,46446,100.00
3345,70099,100.00
3346,65353,100.00
3347,48123,100.00
3348,71710,75.00
3349,64975,100.00
3350,60346,100.00
3351,68367,100.00
3352,67028,100.00
3353,47887,100.00
3354,70791,66.67
3355,66278,100.00
3356,49306,100.00
3357,69749,100.00
3358,68134,100.00
3359,65752,100.00
3360,64689,100.00
3361,43330,100.00
3362,63706,100.00
3363,64492,100.00
3364,70846,75.00
3365,66836,100.00
3366,68118,100.00
3367,66943,100.00
3368,59675,100.00
3369,66052,100.00
3370,66283,100.00
3371,65949,100.00
3372,64863,66.67
3373,61612,100.00
3374,63658,100.00
3375,60159,100.00
3376,76120,100.00
3377,56919,100.00
3378,69992,100.00
3379,63018,100.00
3380,64394,100.00
3381,57309,100.00
3382,55991,75.00
3383,69703,100.00
3384,63625,100.00
3385,65421,100.00
3386,65603,100.00
3387,51108,100.00
3388,64826,75.00
3389,65337,100.00
3390,62665,100.00
3391,67883,100.00
3392,67096,100.00
3393,55275,100.00
3394,66020,100.00
3395,66512,100.00
3396,70498,66.67
3397,64091,100.00
3398,63638,100.00
3399,40669,100.00
3400,68482,100.00
3401,51301,100.00
3402,73926,100.00
3403,69150,100.00
3404,64386,100.00
3405,43831,100.00
3406,58056,66.67
3407,71573,100.00
3408,50223,100.00
3409,67324,100.00
3410,66606,100.00
3411,60436,100.00
3412,69873,75.00
3413,64962,100.00
3414,46812,100.00
3415,66927,100.00
3416,65747,100.00
3417,63275,100.00
3418,72917,100.00
3419,67234,100.00
3420,67618,50.00
3421,64879,100.00
3422,63261,100.00
3423,62081,100.00
3424,71412,100.00
3425,70953,100.00
3426,66742,100.00
3427,67685,100.00
3428,57205,100.00
3429,67088,100.00
3430,71992,75.00
3431,63776,100.00
3432,66046,100.00
3433,69622,100.00
3434,70253,100.00
3435,55049,100.00
3436,65784,66.67
3437,66467,100.00
3438,65988,100.00
3439,66068,100.00
3440,64810,100.00
3441,66134,100.00
3442,64399,100.00
3443,67436,100.00
3444,67630,66.67
3445,65734,100.00
3446,60204,100.00
3447,67847,100.00
3448,60305,100.00
3449,70400,100.00
3450,73171,100.00
3451,62802,100.00
3452,62322,100.00
3453,69317,100.00
3454,48819,75.00
3455,69709,100.00
3456,69696,100.00
3457,64294,100.00
3458,67921,100.00
3459,57094,100.00
3460,59847,100.00
3461,65962,100.00
3462,68652,100.00
3463,68484,75.00
3464,63082,100.00
3465,64287,100.00
3466,46266,100.00
3467,68900,100.00
3468,69740,50.00
3469,43544,100.00
3470,67661,100.00
3471,62826,100.00
3472,58059,100.00
3473,68705,100.00
3474,69993,100.00
3475,58593,100.00
3476,68537,100.00
3477,68340,100.00
3478,68404,80.00
3479,64318,100.00
3480,67295,100.00
3481,53532,100.00
3482,54370,100.00
3483,66871,100.00
3484,63646,100.00
3485,62581,100.00
3486,72251,100.00
3487,69094,75.00
3488,52216,100.00
3489,69475,100.00
3490,48067,100.00
3491,59335,100.00
3492,71074,100.00
3493,67551,100.00
3494,47846,100.00
3495,70596,75.00
3496,42085,100.00
3497,66043,100.00
3498,64418,100.00
3499,61028,100.00
3500,66162,100.00
3501,68606,100.00
3502,52770,75.00
3503,66960,100.00
3504,69882,100.00
3505,72087,100.00
3506,69654,100.00
3507,71577,100.00
3508,53615,100.00
3509,69429,100.00
3510,69851,66.67
3511,42303,100.00
3512,64062,100.00
3513,64560,100.00
3514,55787,100.00
3515,57671,100.00
3516,74187,100.00
3517,63873,100.00
3518,65087,100.00
3519,67379,66.67
3520,53436,100.00
3521,70026,100.00
3522,66964,100.00
3523,66076,100.00
3524,71401,100.00
3525,67211,100.00
3526,65974,100.00
3527,66976,100.00
3528,66812,100.00
3529,63588,66.67
3530,65343,100.00
3531,59733,100.00
3532,61929,100.00
3533,66173,100.00
3534,72381,66.67
3535,65420,100.00
3536,67259,100.00
3537,58361,100.00
3538,68378,100.00
3539,61167,100.00
3540,69488,100.00
3541,68381,100.00
3542,63668,100.00
3543,49394,100.00
3544,66109,80.00
3545,63163,100.00
3546,63606,100.00
3547,65572,100.00
3548,71362,100.00
3549,66794,100.00
3550,66648,100.00
3551,51977,100.00
3552,70272,100.00
3553,77142,66.67
3554,68315,100.00
3555,69243,100.00
3556,65945,100.00
3557,51595,100.00
3558,76535,50.00
3559,70151,100.00
3560,53455,100.00
3561,68636,100.00
3562,66672,100.00
3563,49165,100.00
3564,72114,100.00
3565,66664,100.00
3566,55599,100.00
3567,72485,100.00
3568,67114,80.00
3569,43771,100.00
3570,71643,100.00
3571,70627,100.00
3572,66407,100.00
3573,66943,100.00
3574,64109,100.00
3575,43964,100.00
3576,74489,100.00
3577,71041,75.00
3578,45279,100.00
3579,66713,100.00
3580,67353,100.00
3581,60106,100.00
3582,72451,100.00
3583,68646,100.00
3584,50441,100.00
3585,70626,66.67
3586,70841,100.00
3587,64753,100.00
3588,72252,100.00
3589,66711,100.00
3590,62448,100.00
3591,75925,66.67
3592,58836,100.00
3593,63712,100.00
3594,67159,100.00
3595,70685,100.00
3596,74850,100.00
3597,71535,100.00
3598,59384,100.00
3599,65637,100.00
3600,70304,100.00
3601,64866,75.00
3602,57576,100.00
3603,63677,100.00
3604,66720,100.00
3605,64224,100.00
3606,64675,100.00
3607,66660,100.00
3608,57466,100.00
3609,65622,66.67
3610,62357,100.00
3611,64013,100.00
3612,57675,100.00
3613,63255,100.00
3614,65339,100.00
3615,69499,100.00
3616,65096,100.00
3617,61758,100.00
3618,55564,100.00
3619,66598,100.00
3620,74836,66.67
3621,50710,100.00
3622,64809,100.00
3623,62881,100.00
3624,65729,100.00
3625,70809,75.00
3626,64014,100.00
3627,50578,100.00
3628,68141,100.00
3629,67801,100.00
3630,58256,100.00
3631,70473,100.00
3632,63186,100.00
3633,58713,75.00
3634,69104,100.00
3635,64003,100.00
3636,44110,100.00
3637,67067,100.00
3638,67580,100.00
3639,71495,100.00
3640,72075,100.00
3641,63530,100.00
3642,44049,100.00
3643,61923,75.00
3644,76744,100.00
3645,49475,100.00
3646,68536,100.00
3647,68115,100.00
3648,62197,100.00
3649,70772,75.00
3650,65250,100.00
3651,44304,100.00
3652,67145,100.00
3653,68192,100.00
3654,64258,100.00
3655,68073,100.00
3656,68102,100.00
3657,69047,66.67
3658,70428,100.00
3659,66022,100.00
3660,53587,100.00
3661,71887,100.00
3662,57033,100.00
3663,63622,100.00
3664,63251,100.00
3665,65106,100.00
3666,66830,100.00
3667,65696,75.00
3668,64369,100.00
3669,63413,100.00
3670,65216,100.00
3671,68638,100.00
3672,50508,100.00
3673,67015,100.00
3674,66190,100.00
3675,66322,100.00
3676,81647,75.00
3677,64107,100.00
3678,66327,100.00
3679,71590,100.00
3680,67620,100.00
3681,69378,66.67
3682,67604,100.00
3683,51786,100.00
3684,66006,100.00
3685,69305,100.00
3686,67927,100.00
3687,65247,100.00
3688,69180,100.00
3689,65596,100.00
3690,66386,100.00
3691,64981,75.00
3692,66656,100.00
3693,64799,100.00
3694,69177,100.00
3695,56110,100.00
3696,63690,100.00
3697,69140,100.00
3698,56890,100.00
3699,64885,100.00
3700,68414,75.00
3701,60818,100.00
3702,68591,100.00
3703,70365,100.00
3704,67692,100.00
3705,75235,66.67
3706,68807,100.00
3707,63404,100.00
3708,66438,100.00
3709,66638,100.00
3710,85170,100.00
3711,70702,100.00
3712,66890,100.00
3713,65084,100.00
3714,68439,100.00
3715,64413,75.00
3716,68178,100.00
3717,69659,100.00
3718,61946,100.00
3719,67940,100.00
3720,67185,100.00
3721,56607,100.00
3722,63106,100.00
3723,67902,66.67
3724,70311,100.00
3725,55969,100.00
3726,67329,100.00
3727,51849,100.00
3728,57344,100.00
3729,73191,100.00
3730,66344,100.00
3731,49585,100.00
3732,71192,66.67
3733,60366,100.00
3734,67348,100.00
3735,67950,100.00
3736,56530,100.00
3737,65743,100.00
3738,69051,100.00
3739,56399,75.00
3740,69071,100.00
3741,67815,100.00
3742,63518,100.00
3743,67857,100.00
3744,65765,100.00
3745,44408,100.00
3746,68035,100.00
3747,209793,100.00
3748,71008,75.00
3749,68230,100.00
3750,67177,100.00
3751,54936,100.00
3752,73353,100.00
3753,71981,100.00
3754,63555,100.00
3755,62664,100.00
3756,68195,100.00
3757,68728,100.00
3758,71164,75.00
3759,68916,100.00
3760,60645,100.00
3761,66865,100.00
3762,65144,100.00
3763,62826,100.00
3764,64534,100.00
3765,64868,100.00
3766,66334,75.00
3767,68573,100.00
3768,59361,100.00
3769,64091,100.00
3770,65956,100.00
3771,69982,66.67
3772,61592,100.00
3773,63816,100.00
3774,64160,100.00
3775,69416,100.00
3776,65338,100.00
3777,66530,100.00
3778,62865,100.00
3779,67989,100.00
3780,70243,100.00
3781,50008,75.00
3782,64953,100.00
3783,64606,100.00
3784,60710,100.00
3785,73952,100.00
3786,71305,100.00
3787,67384,100.00
3788,44147,100.00
3789,73217,100.00
3790,70879,75.00
3791,61754,100.00
3792,67021,100.00
3793,60811,100.00
3794,44356,100.00
3795,57087,100.00
3796,68353,66.67
3797,43571,100.00
3798,69867,100.00
3799,69734,100.00
3800,44073,100.00
3801,75742,100.00
3802,70599,100.00
3803,47241,100.00
3804,72567,100.00
3805,69032,100.00
3806,64204,66.67
3807,69820,100.00
3808,65610,100.00
3809,64059,100.00
3810,69455,100.00
3811,58024,100.00
3812,63661,100.00
3813,68853,100.00
3814,70336,66.67
3815,72195,100.00
3816,67875,100.00
3817,55171,100.00
3818,60236,100.00
3819,68060,100.00
3820,68195,100.00
3821,49379,100.00
3822,69181,100.00
3823,65101,75.00
3824,54368,100.00
3825,71265,100.00
3826,63065,100.00
3827,66746,100.00
3828,70195,100.00
3829,67593,75.00
3830,63272,100.00
3831,63656,100.00
3832,66583,100.00
3833,55555,100.00
3834,68349,100.00
3835,59540,100.00
3836,61869,100.00
3837,58569,100.00
3838,68027,75.00
3839,70763,100.00
3840,65875,100.00
3841,66863,100.00
3842,68236,100.00
3843,44711,100.00
3844,66092,100.00
3845,65741,100.00
3846,71875,100.00
3847,67898,66.67
3848,53607,100.00
3849,45869,100.00
3850,67483,100.00
3851,68996,100.00
3852,66973,100.00
3853,66952,100.00
3854,66136,100.00
3855,46180,100.00
3856,67006,100.00
3857,73598,50.00
3858,49562,100.00
3859,68744,100.00
3860,66879,100.00
3861,55494,100.00
3862,69764,75.00
3863,65904,100.00
3864,47256,100.00
3865,63582,100.00
3866,68433,100.00
3867,60652,100.00
3868,69526,100.00
3869,41914,100.00
3870,56598,100.00
3871,75195,80.00
3872,69916,100.00
3873,58183,100.00
3874,66992,100.00
3875,66899,100.00
3876,66539,100.00
3877,68543,100.00
3878,64557,100.00
3879,56060,100.00
3880,70462,100.00
3881,68425,66.67
3882,63132,100.00
3883,65281,100.00
3884,64503,100.00
3885,62397,100.00
3886,63289,75.00
3887,63962,100.00
3888,66875,100.00
3889,62083,100.00
3890,63476,100.00
3891,63264,100.00
3892,64069,100.00
3893,61648,100.00
3894,59258,100.00
3895,68105,80.00
3896,42960,100.00
3897,65059,100.00
3898,65284,100.00
3899,67530,100.00
3900,73545,100.00
3901,76977,100.00
3902,59605,100.00
3903,65685,100.00
3904,69011,100.00
3905,69268,66.67
3906,62137,100.00
3907,63727,100.00
3908,63736,100.00
3909,65900,100.00
3910,67027,100.00
3911,66252,100.00
3912,65710,100.00
3913,65744,75.00
3914,65430,100.00
3915,64910,100.00
3916,54313,100.00
3917,64098,100.00
3918,57096,100.00
3919,63755,75.00
3920,63799,100.00
3921,63546,100.00
3922,48939,100.00
3923,54004,100.00
3924,67290,100.00
3925,63889,100.00
3926,49687,100.00
3927,69431,100.00
3928,42382,100.00
3929,65074,66.67
3930,66092,100.00
3931,60131,100.00
3932,66636,100.00
3933,64601,100.00
3934,52551,100.00
3935,65964,100.00
3936,66239,100.00
3937,65681,75.00
3938,62911,100.00
3939,65766,100.00
3940,39370,100.00
3941,66432,100.00
3942,72834,66.67
3943,62421,100.00
3944,57988,100.00
3945,59546,100.00
3946,43776,100.00
3947,58032,100.00
3948,72446,100.00
3949,38585,100.00
3950,63055,100.00
3951,67664,100.00
3952,47315,100.00
3953,71041,66.67
3954,67270,100.00
3955,49481,100.00
3956,69927,100.00
3957,68948,100.00
3958,64263,100.00
3959,66909,100.00
3960,68722,100.00
3961,53207,66.67
3962,67639,100.00
3963,50237,100.00
3964,61516,100.00
3965,69132,100.00
3966,72096,100.00
3967,66597,100.00
3968,62582,100.00
3969,65160,75.00
3970,64379,100.00
3971,64792,100.00
3972,63349,100.00
3973,57294,100.00
3974,65853,100.00
3975,66833,100.00
3976,59617,66.67
3977,64017,100.00
3978,61671,100.00
3979,59133,100.00
3980,69333,100.00
3981,60823,100.00
3982,68343,100.00
3983,68274,100.00
3984,70976,100.00
3985,72141,75.00
3986,61267,100.00
3987,59594,100.00
3988,61799,100.00
3989,60530,100.00
3990,67441,100.00
3991,61142,100.00
3992,57681,100.00
3993,51311,75.00
3994,64531,100.00
3995,60587,100.00
3996,66007,100.00
3997,69264,100.00
3998,56761,100.00
3999,63993,100.00
4000,97635,100.00
4001,50382,100.00
4002,65324,100.00
4003,55742,66.67
4004,65117,100.00
4005,65068,100.00
4006,66913,100.00
4007,45514,100.00
4008,70147,100.00
4009,69091,75.00
4010,41759,100.00
4011,65353,100.00
4012,60796,100.00
4013,57252,100.00
4014,69914,100.00
4015,67055,100.00
4016,51751,100.00
4017,50236,100.00
4018,66300,66.67
4019,57775,100.00
4020,69526,100.00
4021,69931,100.00
4022,40430,100.00
4023,67130,100.00
4024,62426,100.00
4025,39613,100.00
4026,66088,100.00
4027,65221,100.00
4028,70484,50.00
4029,65698,100.00
4030,62379,100.00
4031,45507,100.00
4032,69158,100.00
4033,68882,66.67
4034,47865,100.00
4035,69372,100.00
4036,66607,100.00
4037,50840,100.00
4038,72762,100.00
4039,65355,100.00
4040,61990,100.00
4041,65012,100.00
4042,61070,100.00
4043,64732,66.67
4044,65386,100.00
4045,62170,100.00
4046,66038,100.00
4047,67742,100.00
4048,46472,100.00
4049,63190,100.00
4050,64280,100.00
4051,52306,100.00
4052,54701,75.00
4053,62919,100.00
4054,62835,100.00
4055,44918,100.00
4056,63248,100.00
4057,64110,100.00
4058,60922,100.00
4059,66351,100.00
4060,58091,66.67
4061,59610,100.00
4062,66954,100.00
4063,66098,100.00
4064,55399,100.00
4065,60567,100.00
4066,65037,75.00
4067,59931,100.00
4068,69753,100.00
4069,66668,100.00
4070,76667,100.00
4071,72393,100.00
4072,61905,100.00
4073,62666,100.00
4074,64267,100.00
4075,68010,66.67
4076,70872,100.00
4077,62672,100.00
4078,56851,100.00
4079,66236,100.00
4080,57094,100.00
4081,71704,100.00
4082,63600,100.00
4083,64144,100.00
4084,62835,75.00
4085,63204,100.00
4086,56962,100.00
4087,66089,100.00
4088,65796,100.00
4089,76499,66.67
4090,69173,100.00
4091,64461,100.00
4092,48320,100.00
4093,68540,100.00
4094,71314,100.00
4095,46442,100.00
4096,65032,100.00
4097,63977,100.00
4098,53654,100.00
4099,70014,66.67
4100,71535,100.00
4101,47173,100.00
4102,65434,100.00
4103,68436,100.00
4104,53394,100.00
4105,73071,100.00
4106,67840,100.00
4107,51531,100.00
4108,80139,66.67
4109,69720,100.00
4110,62795,100.00
4111,58775,100.00
4112,63661,100.00
4113,55726,100.00
4114,63983,66.67
4115,63557,100.00
4116,65318,100.00
4117,51006,100.00
4118,57329,100.00
4119,76921,100.00
4120,68370,100.00
4121,54521,100.00
4122,68595,100.00
4123,41888,100.00
4124,69315,66.67
4125,67367,100.00
4126,53967,100.00
4127,68000,100.00
4128,67069,100.00
4129,56072,100.00
4130,66834,100.00
4131,67067,100.00
4132,64537,66.67
4133,70013,100.00
4134,69536,100.00
4135,41735,100.00
4136,67302,100.00
4137,70182,100.00
4138,65879,100.00
4139,59933,100.00
4140,62320,100.00
4141,41181,100.00
4142,63681,66.67
4143,71431,100.00
4144,44357,100.00
4145,61559,100.00
4146,72953,100.00
4147,46360,100.00
4148,69815,66.67
4149,66449,100.00
4150,50146,100.00
4151,66973,100.00
4152,67469,100.00
4153,51351,100.00
4154,64816,100.00
4155,69425,100.00
4156,57544,66.67
4157,66681,100.00
4158,63415,100.00
4159,51095,100.00
4160,67664,100.00
4161,68591,100.00
4162,60780,100.00
4163,68246,100.00
4164,70679,66.67
4165,42669,100.00
4166,72356,100.00
4167,69946,100.00
4168,58754,100.00
4169,62798,100.00
4170,71121,100.00
4171,51511,75.00
4172,65950,100.00
4173,62915,100.00
4174,56587,100.00
4175,72939,100.00
4176,60401,100.00
4177,63050,100.00
4178,65594,100.00
4179,71457,100.00
4180,67772,75.00
4181,64463,100.00
4182,65172,100.00
4183,69235,100.00
4184,53175,100.00
4185,70779,100.00
4186,70178,100.00
4187,59441,100.00
4188,65763,100.00
4189,69539,100.00
4190,41210,75.00
4191,69492,100.00
4192,64813,100.00
4193,55164,100.00
4194,70783,100.00
4195,65729,100.00
4196,46640,100.00
4197,69919,100.00
4198,65855,100.00
4199,62536,66.67
4200,67655,100.00
4201,64228,100.00
4202,36467,100.00
4203,72974,100.00
4204,74296,66.67
4205,52778,100.00
4206,67918,100.00
4207,66648,100.00
4208,61654,100.00
4209,72565,100.00
4210,67830,100.00
4211,40198,100.00
4212,66531,100.00
4213,71383,100.00
4214,52193,50.00
4215,72413,100.00
4216,65404,100.00
4217,54161,100.00
4218,71178,100.00
4219,65015,100.00
4220,37757,100.00
4221,70423,100.00
4222,67576,100.00
4223,75442,66.67
4224,69814,100.00
4225,66263,100.00
4226,54144,100.00
4227,68133,100.00
4228,75868,75.00
4229,48661,100.00
4230,73022,100.00
4231,69436,100.00
4232,61200,100.00
4233,71070,100.00
4234,63927,100.00
4235,61055,100.00
4236,68709,100.00
4237,69828,100.00
4238,67291,66.67
4239,71571,100.00
4240,67209,100.00
4241,70859,100.00
4242,74266,100.00
4243,54810,100.00
4244,65637,100.00
4245,71756,100.00
4246,67397,100.00
4247,73604,66.67
4248,68791,100.00
4249,67458,100.00
4250,53117,100.00
4251,55040,100.00
4252,66572,100.00
4253,61904,100.00
4254,64362,100.00
4255,65677,75.00
4256,66214,100.00
4257,63201,100.00
4258,65818,100.00
4259,67686,100.00
4260,61819,100.00
4261,57090,100.00
4262,68160,66.67
4263,40540,100.00
4264,65394,100.00
4265,65483,100.00
4266,64948,100.00
4267,68270,100.00
4268,65160,100.00
4269,41093,100.00
4270,66569,100.00
4271,69456,66.67
4272,45550,100.00
4273,67086,100.00
4274,67310,100.00
4275,54785,100.00
4276,67778,100.00
4277,62133,100.00
4278,42354,100.00
4279,69876,75.00
4280,64642,100.00
4281,60881,100.00
4282,66719,100.00
4283,66044,100.00
4284,69211,100.00
4285,66458,100.00
4286,67358,100.00
4287,51256,100.00
4288,70173,100.00
4289,65482,50.00
4290,51602,100.00
4291,66228,100.00
4292,61631,100.00
4293,62458,100.00
4294,52865,100.00
4295,77382,66.67
4296,78140,100.00
4297,72094,100.00
4298,64277,100.00
4299,59089,100.00
4300,68199,100.00
4301,65145,100.00
4302,66336,100.00
4303,65269,75.00
4304,64763,100.00
4305,66201,100.00
4306,64019,100.00
4307,65803,100.00
4308,69366,100.00
4309,62992,100.00
4310,57594,100.00
4311,62176,100.00
4312,63692,100.00
4313,63350,66.67
4314,72365,100.00
4315,62750,100.00
4316,61794,100.00
4317,66334,100.00
4318,56271,100.00
4319,66411,100.00
4320,69614,100.00
4321,69147,75.00
4322,45032,100.00
4323,54401,100.00
4324,65175,100.00
4325,55720,100.00
4326,65447,100.00
4327,68152,75.00
4328,69722,100.00
4329,67515,100.00
4330,52504,100.00
4331,75801,100.00
4332,67730,100.00
4333,63106,100.00
4334,71074,100.00
4335,71089,100.00
4336,44329,100.00
4337,70866,100.00
4338,69808,66.67
4339,62866,100.00
4340,59959,100.00
4341,66993,100.00
4342,65962,100.00
4343,68779,100.00
4344,67833,100.00
4345,62205,100.00
4346,68082,66.67
4347,66497,100.00
4348,64274,100.00
4349,63870,100.00
4350,69349,100.00
4351,65187,75.00
4352,63656,100.00
4353,49075,100.00
4354,63522,100.00
4355,67233,100.00
4356,71136,100.00
4357,64759,100.00
4358,61017,100.00
4359,63982,100.00
4360,65561,100.00
4361,67023,66.67
4362,70290,100.00
4363,62752,100.00
4364,62022,100.00
4365,60856,100.00
4366,50502,100.00
4367,58435,100.00
4368,64546,100.00
4369,64312,100.00
4370,64236,50.00
4371,62900,100.00
4372,64776,100.00
4373,47728,100.00
4374,67941,100.00
4375,68554,75.00
4376,61105,100.00
4377,66502,100.00
4378,62569,100.00
4379,53281,100.00
4380,76133,100.00
4381,70031,100.00
4382,52020,100.00
4383,70324,100.00
4384,65345,100.00
4385,48276,100.00
4386,68494,66.67
4387,64425,100.00
4388,44018,100.00
4389,69431,100.00
4390,63851,100.00
4391,43901,100.00
4392,69761,100.00
4393,65640,100.00
4394,62866,50.00
4395,64155,100.00
4396,62395,100.00
4397,59082,100.00
4398,71663,100.00
4399,68177,100.00
4400,42684,100.00
4401,65922,100.00
4402,65865,100.00
4403,57709,75.00
4404,71437,100.00
4405,67011,100.00
4406,38795,100.00
4407,67947,100.00
4408,68174,100.00
4409,55678,66.67
4410,70142,100.00
4411,62989,100.00
4412,52077,100.00
4413,56184,100.00
4414,57136,100.00
4415,64542,100.00
4416,65011,100.00
4417,62874,100.00
4418,62945,66.67
4419,64651,100.00
4420,67991,100.00
4421,59581,100.00
4422,70537,100.00
4423,73934,100.00
4424,44037,100.00
4425,66422,100.00
4426,80106,75.00
4427,65530,100.00
4428,68119,100.00
4429,65179,100.00
4430,60339,100.00
4431,67923,100.00
4432,67003,100.00
4433,55490,100.00
4434,65079,100.00
4435,64282,100.00
4436,61545,66.67
4437,71958,100.00
4438,66526,100.00
4439,67042,100.00
4440,72380,100.00
4441,64797,100.00
4442,73825,66.67
4443,71782,100.00
4444,67586,100.00
4445,58443,100.00
4446,54869,100.00
4447,69096,100.00
4448,66556,100.00
4449,67014,100.00
4450,69007,100.00
4451,65369,100.00
4452,69254,66.67
4453,67181,100.00
4454,64662,100.00
4455,67393,100.00
4456,67581,100.00
4457,65618,100.00
4458,65326,100.00
4459,65474,100.00
4460,55298,66.67
4461,69815,100.00
4462,59237,100.00
4463,66344,100.00
4464,65631,100.00
4465,59233,66.67
4466,70280,100.00
4467,66108,100.00
4468,62373,100.00
4469,67734,100.00
4470,54781,100.00
4471,72418,100.00
4472,61521,100.00
4473,64008,100.00
4474,65820,100.00
4475,67197,100.00
4476,64332,66.67
4477,65197,100.00
4478,67245,100.00
4479,70435,100.00
4480,67118,100.00
4481,64231,100.00
4482,47389,100.00
4483,65968,100.00
4484,72580,66.67
4485,68361,100.00
4486,68150,100.00
4487,68067,100.00
4488,48211,100.00
4489,56860,100.00
4490,70088,100.00
4491,46862,100.00
4492,63642,100.00
4493,68487,66.67
4494,57846,100.00
4495,69470,100.00
4496,66290,100.00
4497,47304,100.00
4498,68240,100.00
4499,66267,100.00
4500,64691,66.67
