name,length,vocabulary,volume,difficulty,effort,level,bugs,time,intelligentContent,number_operators,number_operands,number_operators_unique,number_operands_unique,ccn,ccnMethodMax,kanDefect,mi,mIwoC,commentWeight,externals,parents,lcom,relativeStructuralComplexity,relativeDataComplexity,relativeSystemComplexity,totalStructuralComplexity,totalDataComplexity,totalSystemComplexity,cloc,loc,lloc,methods,nbMethodsIncludingGettersSetters,nbMethods,nbMethodsPrivate,nbMethodsPublic,nbMethodsGetter,nbMethodsSetters,afferentCoupling,efferentCoupling,instability,depthOfInheritanceTree,pageRank
"App\Kernel",87,30,426.9,5.7,2433.33,0.18,0.14,135,74.89,30,57,5,25,5,5,0.45,67.79,46.96,20.83,N/A,N/A,1,9,0.5,9.5,36,2,38,3,39,36,N/A,4,4,2,2,0,0,0,6,1,N/A,0
"OpenConext\EngineBlock\Assert\Assertion",37,15,144.55,5.82,841.05,0.17,0.05,47,24.85,5,32,4,11,5,3,0.52,93.5,52.98,40.52,N/A,N/A,3,16,0.47,16.47,48,1.4,49.4,16,43,27,N/A,3,3,0,3,0,0,37,4,0.1,N/A,0.03
"OpenConext\EngineBlock\Authentication\Dto\Consent",182,29,884.15,18.39,16260.72,0.05,0.29,903,48.07,41,141,6,23,14,7,0.64,56.33,36.21,20.12,N/A,N/A,1,121,0.37,121.37,484,1.5,485.5,6,84,78,N/A,4,4,2,2,0,0,2,2,0.5,N/A,0
"OpenConext\EngineBlock\Authentication\Dto\ConsentList",14,5,32.51,3.67,119.19,0.27,0.01,7,8.87,3,11,2,3,2,2,0.38,93.66,60.3,33.35,N/A,N/A,1,4,0.89,4.89,12,2.67,14.67,6,27,21,N/A,3,3,1,2,0,0,1,1,0.5,N/A,0
"OpenConext\EngineBlock\Authentication\Exception\Exception",N/A,N/A,N/A,N/A,N/A,N/A,N/A,N/A,N/A,N/A,N/A,N/A,N/A,1,0,0.15,N/A,N/A,N/A,N/A,N/A,N/A,N/A,N/A,N/A,N/A,N/A,N/A,N/A,N/A,N/A,N/A,0,0,0,0,0,0,1,1,0.5,N/A,0
"OpenConext\EngineBlock\Authentication\Exception\RuntimeException",0,0,0,0,0,0,0,0,0,0,0,0,0,1,0,0.15,171,171,0,N/A,N/A,0,0,0,0,0,0,0,0,4,4,N/A,0,0,0,0,0,0,1,2,0.67,N/A,0
"OpenConext\EngineBlock\Authentication\Model\Consent",41,13,151.72,2.91,441.36,0.34,0.05,25,52.15,9,32,2,11,1,1,0.15,96.43,50.91,45.52,N/A,N/A,1,25,0.83,25.83,125,4.17,129.17,42,77,35,N/A,5,3,0,3,2,0,3,4,0.57,N/A,0
"OpenConext\EngineBlock\Authentication\Model\User",17,7,47.73,2.4,114.54,0.42,0.02,6,19.89,5,12,2,5,1,1,0.15,100.75,58.41,42.34,N/A,N/A,2,16,0.7,16.7,64,2.8,66.8,17,40,23,N/A,4,2,0,2,2,0,4,3,0.43,N/A,0
"OpenConext\EngineBlock\Authentication\Repository\ConsentRepository",N/A,N/A,N/A,N/A,N/A,N/A,N/A,N/A,N/A,N/A,N/A,N/A,N/A,1,1,0.15,N/A,N/A,N/A,N/A,N/A,N/A,N/A,N/A,N/A,N/A,N/A,N/A,N/A,N/A,N/A,N/A,7,7,0,7,0,0,4,4,0.5,N/A,0
"OpenConext\EngineBlock\Authentication\Repository\UserDirectory",N/A,N/A,N/A,N/A,N/A,N/A,N/A,N/A,N/A,N/A,N/A,N/A,N/A,1,1,0.15,N/A,N/A,N/A,N/A,N/A,N/A,N/A,N/A,N/A,N/A,N/A,N/A,N/A,N/A,N/A,N/A,4,4,0,4,0,0,3,2,0.4,N/A,0
"OpenConext\EngineBlock\Authentication\Value\CollabPersonId",33,16,132,3,396,0.33,0.04,22,44,7,26,3,13,1,1,0.15,96.03,52.48,43.54,N/A,N/A,2,25,0.8,25.8,125,4,129,27,58,31,N/A,5,4,0,4,1,0,15,5,0.25,N/A,0
"OpenConext\EngineBlock\Authentication\Value\CollabPersonUuid",21,9,66.57,3.75,249.63,0.27,0.02,14,17.75,6,15,3,6,1,1,0.15,96.4,55.88,40.52,N/A,N/A,2,16,0.88,16.88,80,4.4,84.4,16,43,27,N/A,5,4,0,4,1,0,6,4,0.4,N/A,0
"OpenConext\EngineBlock\Authentication\Value\ConsentHashQuery",5,5,11.61,0,0,2,0,0,23.22,0,5,0,5,1,1,0.15,88.23,68.11,20.12,N/A,N/A,1,0,5,5,0,5,5,1,14,13,N/A,1,1,0,1,0,0,4,0,0,N/A,0
"OpenConext\EngineBlock\Authentication\Value\ConsentStoreParameters",5,5,11.61,0,0,2,0,0,23.22,0,5,0,5,1,1,0.15,88.23,68.11,20.12,N/A,N/A,1,0,5,5,0,5,5,1,14,13,N/A,1,1,0,1,0,0,4,0,0,N/A,0
"OpenConext\EngineBlock\Authentication\Value\ConsentUpdateParameters",5,5,11.61,0,0,2,0,0,23.22,0,5,0,5,1,1,0.15,88.23,68.11,20.12,N/A,N/A,1,0,5,5,0,5,5,1,14,13,N/A,1,1,0,1,0,0,4,0,0,N/A,0
"OpenConext\EngineBlock\Authentication\Value\KeyId",16,7,44.92,4.13,185.29,0.24,0.01,10,10.89,5,11,3,4,1,1,0.15,101.23,59.01,42.21,N/A,N/A,1,1,1.75,2.75,4,7,11,16,38,22,N/A,4,3,0,3,1,0,3,3,0.5,N/A,0
"OpenConext\EngineBlock\Authentication\Value\SchacHomeOrganization",17,8,51,3.6,183.6,0.28,0.02,10,14.17,5,12,3,5,1,1,0.15,100.54,58.2,42.34,N/A,N/A,1,1,1.75,2.75,4,7,11,17,40,23,N/A,4,3,0,3,1,0,4,3,0.43,N/A,0
"OpenConext\EngineBlock\Authentication\Value\Uid",17,8,51,3.6,183.6,0.28,0.02,10,14.17,5,12,3,5,1,1,0.15,100.54,58.2,42.34,N/A,N/A,1,1,1.75,2.75,4,7,11,17,40,23,N/A,4,3,0,3,1,0,4,3,0.43,N/A,0
"OpenConext\EngineBlock\Driver\File\FileHandler",N/A,N/A,N/A,N/A,N/A,N/A,N/A,N/A,N/A,N/A,N/A,N/A,N/A,1,1,0.15,N/A,N/A,N/A,N/A,N/A,N/A,N/A,N/A,N/A,N/A,N/A,N/A,N/A,N/A,N/A,N/A,3,3,0,3,0,0,2,0,0,N/A,0
"OpenConext\EngineBlock\Driver\File\FileStorageDriver",19,7,53.34,3.2,170.69,0.31,0.02,9,16.67,3,16,2,5,1,1,0.15,97.46,58.93,38.53,N/A,N/A,1,16,0.4,16.4,48,1.2,49.2,10,31,21,N/A,3,3,0,3,0,0,0,3,1,N/A,0
"OpenConext\EngineBlock\Driver\File\FilesystemAdapter",57,18,237.69,8.85,2102.6,0.11,0.08,117,26.87,11,46,5,13,6,4,0.36,65.78,46.71,19.07,N/A,N/A,1,36,0.32,36.32,144,1.29,145.29,3,47,44,N/A,4,3,0,3,0,1,0,4,1,N/A,0
"OpenConext\EngineBlock\Driver\StorageDriver",N/A,N/A,N/A,N/A,N/A,N/A,N/A,N/A,N/A,N/A,N/A,N/A,N/A,1,1,0.15,N/A,N/A,N/A,N/A,N/A,N/A,N/A,N/A,N/A,N/A,N/A,N/A,N/A,N/A,N/A,N/A,2,2,0,2,0,0,1,0,0,N/A,0
"OpenConext\EngineBlock\Exception\Exception",N/A,N/A,N/A,N/A,N/A,N/A,N/A,N/A,N/A,N/A,N/A,N/A,N/A,1,0,0.15,N/A,N/A,N/A,N/A,N/A,N/A,N/A,N/A,N/A,N/A,N/A,N/A,N/A,N/A,N/A,N/A,0,0,0,0,0,0,11,0,0,N/A,0.01
"OpenConext\EngineBlock\Exception\IndexOutOfBoundsException",42,10,139.52,3.63,505.76,0.28,0.05,28,38.49,13,29,2,8,1,1,0.15,94.1,51.17,42.94,N/A,N/A,2,0,5.8,5.8,0,29,29,28,63,35,N/A,5,2,0,2,3,0,0,2,1,N/A,0
"OpenConext\EngineBlock\Exception\InvalidArgumentException",22,11,76.11,7.08,539.09,0.14,0.03,30,10.74,5,17,5,6,3,3,0.22,63.71,63.71,0,N/A,N/A,1,1,2.5,3.5,1,2.5,3.5,0,11,11,N/A,1,1,0,1,0,0,0,2,1,N/A,0
"OpenConext\EngineBlock\Exception\InvalidBindingException",0,0,0,0,0,0,0,0,0,0,0,0,0,1,0,0.15,171,171,0,N/A,N/A,0,0,0,0,0,0,0,0,4,4,N/A,0,0,0,0,0,0,1,1,0.5,N/A,0
"OpenConext\EngineBlock\Exception\InvalidDiscoveryException",0,0,0,0,0,0,0,0,0,0,0,0,0,1,0,0.15,171,171,0,N/A,N/A,0,0,0,0,0,0,0,0,4,4,N/A,0,0,0,0,0,0,2,1,0.33,N/A,0
"OpenConext\EngineBlock\Exception\InvalidJsonException",0,0,0,0,0,0,0,0,0,0,0,0,0,1,0,0.15,171,171,0,N/A,N/A,0,0,0,0,0,0,0,0,4,4,N/A,0,0,0,0,0,0,1,1,0.5,N/A,0
"OpenConext\EngineBlock\Exception\InvalidRequestMethodException",0,0,0,0,0,0,0,0,0,0,0,0,0,1,0,0.15,171,171,0,N/A,N/A,0,0,0,0,0,0,0,0,4,4,N/A,0,0,0,0,0,0,2,1,0.33,N/A,0
"OpenConext\EngineBlock\Exception\InvalidSamlResponseException",0,0,0,0,0,0,0,0,0,0,0,0,0,1,0,0.15,171,171,0,N/A,N/A,0,0,0,0,0,0,0,0,4,4,N/A,0,0,0,0,0,0,1,2,0.67,N/A,0
"OpenConext\EngineBlock\Exception\InvalidSramConfigurationException",0,0,0,0,0,0,0,0,0,0,0,0,0,1,0,0.15,171,171,0,N/A,N/A,0,0,0,0,0,0,0,0,4,4,N/A,0,0,0,0,0,0,0,2,1,N/A,0
"OpenConext\EngineBlock\Exception\InvalidStepupConfigurationException",0,0,0,0,0,0,0,0,0,0,0,0,0,1,0,0.15,171,171,0,N/A,N/A,0,0,0,0,0,0,0,0,4,4,N/A,0,0,0,0,0,0,1,2,0.67,N/A,0
"OpenConext\EngineBlock\Exception\LoaNotFoundException",0,0,0,0,0,0,0,0,0,0,0,0,0,1,0,0.15,171,171,0,N/A,N/A,0,0,0,0,0,0,0,0,4,4,N/A,0,0,0,0,0,0,1,1,0.5,N/A,0
"OpenConext\EngineBlock\Exception\LogicException",0,0,0,0,0,0,0,0,0,0,0,0,0,1,0,0.15,171,171,0,N/A,N/A,0,0,0,0,0,0,0,0,4,4,N/A,0,0,0,0,0,0,1,2,0.67,N/A,0
"OpenConext\EngineBlock\Exception\MduiNotFoundException",0,0,0,0,0,0,0,0,0,0,0,0,0,1,0,0.15,171,171,0,N/A,N/A,0,0,0,0,0,0,0,0,4,4,N/A,0,0,0,0,0,0,2,2,0.5,N/A,0
"OpenConext\EngineBlock\Exception\MduiRuntimeException",0,0,0,0,0,0,0,0,0,0,0,0,0,1,0,0.15,171,171,0,N/A,N/A,0,0,0,0,0,0,0,0,4,4,N/A,0,0,0,0,0,0,1,2,0.67,N/A,0
"OpenConext\EngineBlock\Exception\MissingParameterException",0,0,0,0,0,0,0,0,0,0,0,0,0,1,0,0.15,171,171,0,N/A,N/A,0,0,0,0,0,0,0,0,4,4,N/A,0,0,0,0,0,0,3,1,0.25,N/A,0
"OpenConext\EngineBlock\Exception\MissingStepupEndpointConfigurationException",0,0,0,0,0,0,0,0,0,0,0,0,0,1,0,0.15,171,171,0,N/A,N/A,0,0,0,0,0,0,0,0,4,4,N/A,0,0,0,0,0,0,0,2,1,N/A,0
"OpenConext\EngineBlock\Exception\RuntimeException",0,0,0,0,0,0,0,0,0,0,0,0,0,1,0,0.15,171,171,0,N/A,N/A,0,0,0,0,0,0,0,0,4,4,N/A,0,0,0,0,0,0,18,2,0.1,N/A,0.01
"OpenConext\EngineBlock\Exception\ServiceReplacingException",0,0,0,0,0,0,0,0,0,0,0,0,0,1,0,0.15,171,171,0,N/A,N/A,0,0,0,0,0,0,0,0,4,4,N/A,0,0,0,0,0,0,0,1,1,N/A,0
"OpenConext\EngineBlock\Http\Exception\AccessDeniedException",11,7,30.88,0.83,25.73,1.2,0.01,1,37.06,1,10,1,6,1,1,0.15,68.62,68.62,0,N/A,N/A,1,1,1.5,2.5,1,1.5,2.5,0,9,9,N/A,1,1,0,1,0,0,1,1,0.5,N/A,0
"OpenConext\EngineBlock\Http\Exception\HttpException",0,0,0,0,0,0,0,0,0,0,0,0,0,1,0,0.15,171,171,0,N/A,N/A,0,0,0,0,0,0,0,0,4,4,N/A,0,0,0,0,0,0,4,1,0.2,N/A,0
"OpenConext\EngineBlock\Http\Exception\MalformedResponseException",6,4,12,0.83,10,1.2,0,1,14.4,1,5,1,3,1,1,0.15,72.61,72.61,0,N/A,N/A,1,1,1.5,2.5,1,1.5,2.5,0,8,8,N/A,1,1,0,1,0,0,1,1,0.5,N/A,0
"OpenConext\EngineBlock\Http\Exception\RequestException",6,4,12,0.83,10,1.2,0,1,14.4,1,5,1,3,1,1,0.15,72.61,72.61,0,N/A,N/A,1,1,1.5,2.5,1,1.5,2.5,0,8,8,N/A,1,1,0,1,0,0,0,1,1,N/A,0
"OpenConext\EngineBlock\Http\Exception\UnreadableResourceException",0,0,0,0,0,0,0,0,0,0,0,0,0,1,0,0.15,171,171,0,N/A,N/A,0,0,0,0,0,0,0,0,4,4,N/A,0,0,0,0,0,0,1,1,0.5,N/A,0
"OpenConext\EngineBlock\Http\HttpClient",106,30,520.13,13.64,7092.69,0.07,0.17,394,38.14,31,75,8,22,11,6,0.57,81.43,42.25,39.17,N/A,N/A,1,25,1.17,26.17,75,3.5,78.5,26,77,51,N/A,3,2,0,2,0,1,3,6,0.67,N/A,0
"OpenConext\EngineBlock\Http\JsonResponseParser",29,17,118.54,3.23,382.96,0.31,0.04,21,36.69,8,21,4,13,3,3,0.29,94.52,57.18,37.34,N/A,N/A,1,1,1,2,1,1,2,8,27,19,N/A,1,1,0,1,0,0,2,2,0.5,N/A,0
"OpenConext\EngineBlock\Http\ResourcePathFormatter",23,11,79.57,4.86,386.47,0.21,0.03,21,16.38,6,17,4,7,3,3,0.29,95.01,59.45,35.56,N/A,N/A,1,1,1.5,2.5,1,1.5,2.5,6,23,17,N/A,1,1,0,1,0,0,1,2,0.67,N/A,0
"OpenConext\EngineBlock\Logger\AuthenticationLogger",60,34,305.25,2.52,768.04,0.4,0.1,43,121.32,8,52,3,31,3,3,0.22,95.32,51.7,43.62,N/A,N/A,1,81,0.6,81.6,243,1.8,244.8,22,47,25,N/A,3,2,1,1,0,1,1,4,0.8,N/A,0
"OpenConext\EngineBlock\Logger\Formatter\AdditionalInfoFormatter",45,10,149.49,7.07,1057.08,0.14,0.05,59,21.14,12,33,3,7,4,3,0.52,81.29,51.11,30.18,N/A,N/A,1,36,0.86,36.86,144,3.43,147.43,7,40,33,N/A,4,3,1,2,0,1,0,3,1,N/A,0
"OpenConext\EngineBlock\Logger\Handler\FingersCrossed\ActivationStrategyFactory",N/A,N/A,N/A,N/A,N/A,N/A,N/A,N/A,N/A,N/A,N/A,N/A,N/A,1,1,0.15,N/A,N/A,N/A,N/A,N/A,N/A,N/A,N/A,N/A,N/A,N/A,N/A,N/A,N/A,N/A,N/A,1,1,0,1,0,0,1,0,0,N/A,0
"OpenConext\EngineBlock\Logger\Handler\FingersCrossed\ManualOrDecoratedActivationStrategy",12,6,31.02,4,124.08,0.25,0.01,7,7.75,4,8,3,3,2,2,0.15,96.88,61.9,34.97,N/A,N/A,1,1,0.83,1.83,3,2.5,5.5,6,24,18,N/A,3,2,0,2,0,1,1,2,0.67,N/A,0
"OpenConext\EngineBlock\Logger\Handler\FingersCrossed\ManualOrErrorLevelActivationStrategyFactory",23,6,59.45,4.75,282.41,0.21,0.02,16,12.52,4,19,2,4,1,1,0.15,101.06,60.6,40.46,N/A,N/A,2,16,0.6,16.6,32,1.2,33.2,10,27,17,N/A,2,2,1,1,0,0,0,4,1,N/A,0
"OpenConext\EngineBlock\Logger\Message\AdditionalInfo",155,31,767.9,14.29,10974.58,0.07,0.26,610,53.73,57,98,7,24,9,9,0.67,73.59,32.84,40.75,N/A,N/A,4,64,1.94,65.94,1152,34.89,1186.89,76,201,125,N/A,18,4,1,3,7,7,1,2,0.67,N/A,0
"OpenConext\EngineBlock\Logger\Processor\RequestIdProcessor",11,6,28.43,2,56.87,0.5,0.01,3,14.22,3,8,2,4,1,1,0.15,94.98,64.68,30.29,N/A,N/A,1,1,1,2,2,2,4,3,17,14,N/A,2,1,0,1,0,1,0,3,1,N/A,0
"OpenConext\EngineBlock\Logger\Processor\SessionIdProcessor",6,4,12,2,24,0.5,0,1,6,2,4,2,2,2,2,0.15,71.36,71.36,0,N/A,N/A,1,0,2,2,0,2,2,0,9,9,N/A,1,1,0,1,0,0,0,2,1,N/A,0
"OpenConext\EngineBlock\Metadata\AttributeReleasePolicy",200,33,1008.88,15.78,15917.87,0.06,0.34,884,63.94,58,142,6,27,29,7,2.95,68.35,28.88,39.47,N/A,N/A,1,9,5.69,14.69,108,68.25,176.25,69,200,131,N/A,12,11,2,9,1,0,2,1,0.33,N/A,0
"OpenConext\EngineBlock\Metadata\Coins",194,33,978.61,10.76,10528.52,0.09,0.33,585,90.96,38,156,4,29,6,3,0.66,59.14,31.99,27.15,N/A,N/A,4,4,9.69,13.69,112,271.33,383.33,21,153,132,N/A,28,28,2,26,0,0,10,2,0.17,N/A,0.01
"OpenConext\EngineBlock\Metadata\ConsentSettings",138,29,670.4,12.13,8132.26,0.08,0.22,452,55.27,45,93,6,23,12,3,1.33,74.71,35.26,39.46,N/A,N/A,1,49,2.25,51.25,539,24.75,563.75,51,148,97,N/A,11,10,2,8,1,0,5,2,0.29,N/A,0
"OpenConext\EngineBlock\Metadata\ContactPerson",31,11,107.24,2.67,285.98,0.38,0.04,16,40.22,7,24,2,9,1,1,0.15,98.58,56.37,42.21,N/A,N/A,1,0,4,4,0,8,8,16,38,22,N/A,2,1,0,1,0,1,4,2,0.33,N/A,0.62
"OpenConext\EngineBlock\Metadata\Discovery",98,23,443.31,11.65,5163.25,0.09,0.15,287,38.06,32,66,6,17,13,5,0.8,71.71,39.2,32.51,N/A,N/A,3,16,2.34,18.34,160,23.4,183.4,19,91,72,N/A,10,8,1,7,2,0,5,4,0.44,N/A,0
"OpenConext\EngineBlock\Metadata\EmptyMduiElement",18,7,50.53,2.4,121.28,0.42,0.02,7,21.06,6,12,2,5,1,1,0.15,91.36,56.04,35.32,N/A,N/A,4,0,5.5,5.5,0,33,33,10,39,29,N/A,6,4,0,4,1,1,3,3,0.5,N/A,0
"OpenConext\EngineBlock\Metadata\Entity\AbstractRole",194,74,1204.63,4.49,5403.64,0.22,0.4,300,268.55,37,157,4,70,3,3,0.29,82.73,35.5,47.23,N/A,N/A,2,0,9.5,9.5,0,57,57,156,245,89,N/A,6,3,0,3,3,0,11,4,0.27,N/A,0.01
"OpenConext\EngineBlock\Metadata\Entity\Assembler\DiscoveryAssembler",117,34,595.23,11.02,6558.59,0.09,0.2,364,54.02,32,85,7,27,14,7,1.33,56.77,40.06,16.71,N/A,N/A,1,16,1.25,17.25,64,5,69,3,62,59,N/A,4,3,2,1,0,1,1,5,0.83,N/A,0
"OpenConext\EngineBlock\Metadata\Entity\Assembler\MetadataAssemblerInterface",N/A,N/A,N/A,N/A,N/A,N/A,N/A,N/A,N/A,N/A,N/A,N/A,N/A,1,1,0.15,N/A,N/A,N/A,N/A,N/A,N/A,N/A,N/A,N/A,N/A,N/A,N/A,N/A,N/A,N/A,N/A,1,1,0,1,0,0,2,0,0,N/A,0
"OpenConext\EngineBlock\Metadata\Entity\Assembler\PushMetadataAssembler",904,172,6713.34,24.38,163637.74,0.04,2.24,9091,275.42,254,650,12,160,78,20,6.67,29.78,5.53,24.25,N/A,N/A,1,900,1.49,901.49,22500,37.35,22537.35,50,468,418,N/A,25,25,23,2,0,0,0,21,1,N/A,0
"OpenConext\EngineBlock\Metadata\Entity\Disassembler\CortoDisassembler",511,69,3121.46,15.82,49382.41,0.06,1.04,2743,197.31,106,405,5,64,44,10,3.96,55.8,18.73,37.06,N/A,N/A,1,1296,0.43,1296.43,15552,5.14,15557.14,88,303,215,N/A,12,12,10,2,0,0,0,3,1,N/A,0
"OpenConext\EngineBlock\Metadata\Entity\IdentityProvider",265,78,1665.63,11.04,18392.33,0.09,0.56,1022,150.84,41,224,7,71,17,9,1.17,73.64,31.34,42.3,N/A,N/A,3,64,1.18,65.18,640,11.78,651.78,75,177,102,N/A,10,9,2,7,0,1,14,8,0.36,N/A,0.01
"OpenConext\EngineBlock\Metadata\Entity\ServiceProvider",419,91,2726.77,18.38,50129.26,0.05,0.91,2785,148.32,84,335,9,82,17,9,0.71,70.19,27.99,42.2,N/A,N/A,4,1024,0.43,1024.43,9216,3.85,9219.85,90,214,124,N/A,9,8,0,8,1,0,16,7,0.3,N/A,0.01
"OpenConext\EngineBlock\Metadata\Factory\Adapter\IdentityProviderEntity",131,15,511.8,32.38,16569.61,0.03,0.17,921,15.81,57,74,7,8,17,8,0.87,71.74,32.34,39.4,N/A,N/A,1,144,2.64,146.64,3600,65.92,3665.92,70,204,134,N/A,25,24,0,24,0,1,1,5,0.83,N/A,0
"OpenConext\EngineBlock\Metadata\Factory\Adapter\ServiceProviderEntity",156,16,624,34.61,21597.33,0.03,0.21,1200,18.03,67,89,7,9,20,8,1.09,70.33,30.02,40.31,N/A,N/A,1,144,3.1,147.1,4032,86.85,4118.85,89,243,154,N/A,28,27,0,27,0,1,1,4,0.8,N/A,0
"OpenConext\EngineBlock\Metadata\Factory\Collection\IdentityProviderEntityCollection",15,5,34.83,3.67,127.71,0.27,0.01,7,9.5,4,11,2,3,1,1,0.15,60.23,60.23,0,N/A,N/A,1,1,1.88,2.88,4,7.5,11.5,0,21,21,N/A,4,4,0,4,0,0,2,3,0.6,N/A,0
"OpenConext\EngineBlock\Metadata\Factory\Decorator\AbstractIdentityProvider",87,10,289.01,25,7225.19,0.04,0.1,401,11.56,37,50,5,5,8,8,0.22,79.72,37.25,42.48,N/A,N/A,1,529,1.05,530.05,13225,26.33,13251.33,82,191,109,N/A,25,24,0,24,0,1,5,4,0.44,N/A,0
"OpenConext\EngineBlock\Metadata\Factory\Decorator\AbstractServiceProvider",97,11,335.56,23.75,7969.67,0.04,0.11,443,14.13,40,57,5,6,8,8,0.22,77.65,35.8,41.85,N/A,N/A,1,676,1.05,677.05,18928,29.37,18957.37,84,205,121,N/A,28,27,0,27,0,1,4,3,0.43,N/A,0
"OpenConext\EngineBlock\Metadata\Factory\Decorator\EngineBlockIdentityProvider",40,14,152.29,3.68,560.72,0.27,0.05,31,41.36,13,27,3,11,3,2,0.45,88.35,49.61,38.75,N/A,N/A,2,16,1.16,17.16,80,5.8,85.8,19,58,39,N/A,5,5,0,5,0,0,1,4,0.8,N/A,0
"OpenConext\EngineBlock\Metadata\Factory\Decorator\EngineBlockIdentityProviderInformation",23,6,59.45,4,237.82,0.25,0.02,13,14.86,7,16,2,4,1,1,0.15,86.58,54.04,32.54,N/A,N/A,1,36,0.98,36.98,252,6.86,258.86,9,43,34,N/A,7,7,0,7,0,0,1,3,0.75,N/A,0
"OpenConext\EngineBlock\Metadata\Factory\Decorator\EngineBlockServiceProvider",36,13,133.22,2.18,290.65,0.46,0.04,16,61.06,12,24,2,11,2,2,0.38,88.43,49.22,39.21,N/A,N/A,4,16,1.34,17.34,112,9.4,121.4,22,65,43,N/A,7,7,0,7,0,0,1,5,0.83,N/A,0
"OpenConext\EngineBlock\Metadata\Factory\Decorator\EngineBlockServiceProviderInformation",23,6,59.45,4,237.82,0.25,0.02,13,14.86,7,16,2,4,1,1,0.15,86.58,54.04,32.54,N/A,N/A,1,36,0.98,36.98,252,6.86,258.86,9,43,34,N/A,7,7,0,7,0,0,1,3,0.75,N/A,0
"OpenConext\EngineBlock\Metadata\Factory\Decorator\ProxiedIdentityProvider",40,12,143.4,4.5,645.29,0.22,0.05,36,31.87,13,27,3,9,2,2,0.22,88.67,49.45,39.22,N/A,N/A,2,36,0.98,36.98,216,5.86,221.86,21,62,41,N/A,6,6,0,6,0,0,1,6,0.86,N/A,0
"OpenConext\EngineBlock\Metadata\Factory\Decorator\ServiceProviderStepup",20,9,63.4,2,126.8,0.5,0.02,7,31.7,6,14,2,7,1,1,0.15,97.93,56.75,41.18,N/A,N/A,2,9,0.94,9.94,36,3.75,39.75,16,41,25,N/A,4,4,0,4,0,0,1,5,0.83,N/A,0
"OpenConext\EngineBlock\Metadata\Factory\Factory\IdentityProviderFactory",61,12,218.68,11.75,2569.52,0.09,0.07,143,18.61,14,47,4,8,3,3,0.15,91.36,47.36,44,N/A,N/A,1,49,0.85,49.85,294,5.13,299.13,41,85,44,N/A,6,6,3,3,0,0,2,11,0.85,N/A,0
"OpenConext\EngineBlock\Metadata\Factory\Factory\ServiceProviderFactory",86,24,394.31,12.76,5033.21,0.08,0.13,280,30.89,24,62,7,17,6,4,0.29,81.17,42.88,38.29,N/A,N/A,1,49,0.66,49.66,196,2.63,198.63,26,82,56,N/A,4,4,1,3,0,0,1,13,0.93,N/A,0
"OpenConext\EngineBlock\Metadata\Factory\Helper\IdentityProviderMetadataHelper",67,15,261.76,5.75,1505.13,0.17,0.09,84,45.52,21,46,3,12,6,2,0.82,69.17,44.3,24.87,N/A,N/A,1,36,1.39,37.39,252,9.71,261.71,7,62,55,N/A,7,7,0,7,0,0,1,3,0.75,N/A,0
"OpenConext\EngineBlock\Metadata\Factory\Helper\IdentityProviderNameFallbackHelper",16,5,37.15,3.67,136.22,0.27,0.01,8,10.13,5,11,2,3,3,3,0.29,107.03,63.6,43.43,N/A,N/A,1,4,1.33,5.33,4,1.33,5.33,12,26,14,N/A,1,1,0,1,0,0,1,1,0.5,N/A,0
"OpenConext\EngineBlock\Metadata\Factory\Helper\ServiceProviderMetadataHelper",81,14,308.4,7.64,2355.02,0.13,0.1,131,40.39,25,56,3,11,7,2,1.05,64.14,42.23,21.91,N/A,N/A,1,49,1.33,50.33,392,10.63,402.63,6,70,64,N/A,8,8,0,8,0,0,1,4,0.8,N/A,0
"OpenConext\EngineBlock\Metadata\Factory\IdentityProviderEntityInterface",N/A,N/A,N/A,N/A,N/A,N/A,N/A,N/A,N/A,N/A,N/A,N/A,N/A,1,1,0.15,N/A,N/A,N/A,N/A,N/A,N/A,N/A,N/A,N/A,N/A,N/A,N/A,N/A,N/A,N/A,N/A,24,24,0,24,0,0,9,3,0.25,N/A,0
"OpenConext\EngineBlock\Metadata\Factory\MduiPushAssemblerFactory",121,36,625.56,8.3,5192.16,0.12,0.21,288,75.37,38,83,6,30,17,11,0.57,73.32,41.86,31.46,N/A,N/A,3,9,1.58,10.58,27,4.75,31.75,11,57,46,N/A,3,3,2,1,0,0,1,6,0.86,N/A,0
"OpenConext\EngineBlock\Metadata\Factory\ServiceProviderEntityInterface",N/A,N/A,N/A,N/A,N/A,N/A,N/A,N/A,N/A,N/A,N/A,N/A,N/A,1,1,0.15,N/A,N/A,N/A,N/A,N/A,N/A,N/A,N/A,N/A,N/A,N/A,N/A,N/A,N/A,N/A,N/A,27,27,0,27,0,0,9,2,0.18,N/A,0
"OpenConext\EngineBlock\Metadata\Factory\ValueObject\EngineBlockConfiguration",122,30,598.64,5.11,3059.72,0.2,0.2,170,117.13,30,92,3,27,1,1,0.15,79.35,41.32,38.03,N/A,N/A,1,9,1.79,10.79,63,12.5,75.5,28,90,62,N/A,7,3,0,3,4,0,6,4,0.4,N/A,0
"OpenConext\EngineBlock\Metadata\IndexedService",12,6,31.02,1,31.02,1,0.01,2,31.02,2,10,1,5,1,1,0.15,112.48,65.88,46.6,N/A,N/A,1,1,2,3,1,2,3,18,30,12,N/A,1,1,0,1,0,0,5,1,0.17,N/A,0
"OpenConext\EngineBlock\Metadata\Loa",37,16,148,3.12,461.08,0.32,0.05,26,47.51,10,27,3,13,1,1,0.15,87.41,51.54,35.87,N/A,N/A,2,9,1.19,10.19,36,4.75,40.75,12,45,33,N/A,4,2,0,2,2,0,5,3,0.38,N/A,0
"OpenConext\EngineBlock\Metadata\LoaRepository",54,20,233.38,7.5,1750.38,0.13,0.08,97,31.12,9,45,5,15,5,4,0.52,89.46,49.91,39.55,N/A,N/A,1,16,0.73,16.73,48,2.2,50.2,17,49,32,N/A,3,3,0,3,0,0,3,3,0.5,N/A,0
"OpenConext\EngineBlock\Metadata\Logo",43,14,163.72,4.36,714.4,0.23,0.05,40,37.52,11,32,3,11,4,4,0.36,80.45,48.78,31.67,N/A,N/A,4,1,2.25,3.25,6,13.5,19.5,10,51,41,N/A,6,5,0,5,0,1,5,4,0.44,N/A,0
"OpenConext\EngineBlock\Metadata\Mdui",284,44,1550.48,28.38,44006.23,0.04,0.52,2445,54.63,91,193,10,34,32,6,1.8,60.7,23.95,36.75,N/A,N/A,4,361,1.65,362.65,7942,36.25,7978.25,73,257,184,N/A,22,22,2,20,0,0,16,8,0.33,N/A,0.01
"OpenConext\EngineBlock\Metadata\MduiElement",68,14,258.9,10.6,2744.34,0.09,0.09,152,24.42,15,53,4,10,8,6,0.89,68.12,44.41,23.71,N/A,N/A,2,9,1.68,10.68,63,11.75,74.75,6,59,53,N/A,7,6,1,5,1,0,2,7,0.78,N/A,0
"OpenConext\EngineBlock\Metadata\MetadataRepository\AbstractMetadataRepository",36,11,124.54,4.88,607.13,0.21,0.04,34,25.55,10,26,3,8,3,2,0.29,93.99,50.72,43.27,N/A,N/A,3,16,0.96,16.96,80,4.8,84.8,31,68,37,N/A,5,5,1,4,0,0,2,6,0.75,N/A,0
"OpenConext\EngineBlock\Metadata\MetadataRepository\CachedDoctrineMetadataRepository",85,22,379.05,7,2653.36,0.14,0.13,147,54.15,22,63,4,18,4,2,0.36,85.49,40.63,44.86,N/A,N/A,1,36,1.71,37.71,468,22.29,490.29,79,153,74,N/A,13,12,1,11,0,1,1,5,0.83,N/A,0
"OpenConext\EngineBlock\Metadata\MetadataRepository\DoctrineMetadataPushRepository",262,35,1343.87,13.87,18640.81,0.07,0.45,1036,96.88,47,215,4,31,13,8,1.95,61.59,29.74,31.86,N/A,N/A,1,1089,0.23,1089.23,11979,2.56,11981.56,34,171,137,N/A,11,11,9,2,0,0,1,7,0.88,N/A,0
"OpenConext\EngineBlock\Metadata\MetadataRepository\DoctrineMetadataRepository",153,31,757.99,8.74,6625.41,0.11,0.25,368,86.72,35,118,4,27,10,3,1.1,76.47,36.29,40.18,N/A,N/A,1,196,0.69,196.69,1372,4.8,1376.8,49,135,86,N/A,7,7,0,7,0,0,1,4,0.8,N/A,0
"OpenConext\EngineBlock\Metadata\MetadataRepository\EntityNotFoundException",0,0,0,0,0,0,0,0,0,0,0,0,0,1,0,0.15,215.46,171,44.46,N/A,N/A,0,0,0,0,0,0,0,4,8,4,N/A,0,0,0,0,0,0,2,1,0.33,N/A,0
"OpenConext\EngineBlock\Metadata\MetadataRepository\Filter\AbstractFilter",2,2,2,0.5,1,2,0,0,4,1,1,1,1,1,1,0.15,121.63,78.06,43.58,N/A,N/A,1,0,1,1,0,1,1,7,15,8,N/A,1,1,0,1,0,0,2,1,0.33,N/A,0
"OpenConext\EngineBlock\Metadata\MetadataRepository\Filter\CompositeFilter",66,17,269.77,7.23,1950.66,0.14,0.09,108,37.31,19,47,4,13,7,3,1.21,84.55,44.42,40.12,N/A,N/A,1,16,1.6,17.6,96,9.6,105.6,30,83,53,N/A,6,5,0,5,1,0,1,3,0.75,N/A,0
"OpenConext\EngineBlock\Metadata\MetadataRepository\Filter\FilterInterface",N/A,N/A,N/A,N/A,N/A,N/A,N/A,N/A,N/A,N/A,N/A,N/A,N/A,1,1,0.15,N/A,N/A,N/A,N/A,N/A,N/A,N/A,N/A,N/A,N/A,N/A,N/A,N/A,N/A,N/A,N/A,3,3,0,3,0,0,5,2,0.29,N/A,0
"OpenConext\EngineBlock\Metadata\MetadataRepository\Filter\RemoveDisallowedIdentityProvidersFilter",47,19,199.65,5.54,1105.22,0.18,0.07,61,36.07,16,31,5,14,5,4,0.43,92,49.27,42.73,N/A,N/A,1,25,1.25,26.25,100,5,105,28,64,36,N/A,4,4,0,4,0,0,0,3,1,N/A,0
"OpenConext\EngineBlock\Metadata\MetadataRepository\Filter\RemoveOtherWorkflowStatesFilter",58,21,254.75,9.75,2483.86,0.1,0.08,138,26.13,19,39,7,14,8,8,0.29,92.82,49.24,43.58,N/A,N/A,1,36,0.82,36.82,144,3.29,147.29,28,60,32,N/A,4,4,0,4,0,0,0,4,1,N/A,0
"OpenConext\EngineBlock\Metadata\MetadataRepository\IdpsMetadataRepository",46,16,184,6,1104,0.17,0.06,61,30.67,10,36,4,12,4,3,0.45,89.97,48.66,41.31,N/A,N/A,1,64,0.64,64.64,320,3.22,323.22,26,66,40,N/A,5,5,1,4,0,0,1,5,0.83,N/A,0
"OpenConext\EngineBlock\Metadata\MetadataRepository\InMemoryMetadataRepository",124,20,535.92,11.38,6096.08,0.09,0.18,339,47.11,33,91,4,16,16,3,2.8,75.21,35.4,39.81,N/A,N/A,1,64,1.11,65.11,640,11.11,651.11,53,150,97,N/A,10,10,1,9,0,0,0,3,1,N/A,0
"OpenConext\EngineBlock\Metadata\MetadataRepository\MetadataRepositoryInterface",N/A,N/A,N/A,N/A,N/A,N/A,N/A,N/A,N/A,N/A,N/A,N/A,N/A,1,1,0.15,N/A,N/A,N/A,N/A,N/A,N/A,N/A,N/A,N/A,N/A,N/A,N/A,N/A,N/A,N/A,N/A,10,10,0,10,0,0,6,2,0.25,N/A,0
"OpenConext\EngineBlock\Metadata\MetadataRepository\SynchronizationResult",0,0,0,0,0,0,0,0,0,0,0,0,0,1,0,0.15,171,171,0,N/A,N/A,0,0,0,0,0,0,0,0,11,11,N/A,0,0,0,0,0,0,1,0,0,N/A,0
"OpenConext\EngineBlock\Metadata\MetadataRepository\Visitor\CompositeVisitor",16,6,41.36,3.5,144.76,0.29,0.01,8,11.82,2,14,2,4,3,2,0.61,101.67,58.99,42.68,N/A,N/A,1,4,0.67,4.67,12,2,14,17,39,22,N/A,3,3,0,3,0,0,1,3,0.75,N/A,0
"OpenConext\EngineBlock\Metadata\MetadataRepository\Visitor\DisableDisallowedEntitiesInWayfVisitor",12,7,33.69,3,101.06,0.33,0.01,6,11.23,4,8,3,4,2,2,0.22,104.45,61.14,43.31,N/A,N/A,2,0,2,2,0,6,6,16,35,19,N/A,3,2,0,2,0,1,0,3,1,N/A,0
"OpenConext\EngineBlock\Metadata\MetadataRepository\Visitor\VisitorInterface",N/A,N/A,N/A,N/A,N/A,N/A,N/A,N/A,N/A,N/A,N/A,N/A,N/A,1,1,0.15,N/A,N/A,N/A,N/A,N/A,N/A,N/A,N/A,N/A,N/A,N/A,N/A,N/A,N/A,N/A,N/A,2,2,0,2,0,0,8,2,0.2,N/A,0
"OpenConext\EngineBlock\Metadata\MfaEntity",17,5,39.47,4,157.89,0.25,0.01,9,9.87,5,12,2,3,1,1,0.15,91.37,58.98,32.39,N/A,N/A,1,0,3.5,3.5,0,14,14,6,29,23,N/A,4,2,0,2,2,0,1,2,0.67,N/A,0
"OpenConext\EngineBlock\Metadata\MfaEntityCollection",61,14,232.25,6.27,1456.83,0.16,0.08,81,37.03,15,46,3,11,4,2,0.68,83.24,46.62,36.61,N/A,N/A,3,25,1.11,26.11,150,6.67,156.67,18,64,46,N/A,6,5,1,4,1,0,4,6,0.6,N/A,0.01
"OpenConext\EngineBlock\Metadata\MfaEntityFactory",39,11,134.92,5.81,784.21,0.17,0.04,44,23.21,8,31,3,8,3,2,0.29,54.98,54.98,0,N/A,N/A,2,4,1.83,5.83,8,3.67,11.67,0,23,23,N/A,2,2,0,2,0,0,1,3,0.75,N/A,0
"OpenConext\EngineBlock\Metadata\MfaEntityInterface",N/A,N/A,N/A,N/A,N/A,N/A,N/A,N/A,N/A,N/A,N/A,N/A,N/A,1,1,0.15,N/A,N/A,N/A,N/A,N/A,N/A,N/A,N/A,N/A,N/A,N/A,N/A,N/A,N/A,N/A,N/A,2,2,0,2,0,0,2,0,0,N/A,0
"OpenConext\EngineBlock\Metadata\MultilingualElement",N/A,N/A,N/A,N/A,N/A,N/A,N/A,N/A,N/A,N/A,N/A,N/A,N/A,1,1,0.15,N/A,N/A,N/A,N/A,N/A,N/A,N/A,N/A,N/A,N/A,N/A,N/A,N/A,N/A,N/A,N/A,4,4,0,4,0,0,7,3,0.3,N/A,0.01
"OpenConext\EngineBlock\Metadata\MultilingualValue",23,7,64.57,5.63,363.2,0.18,0.02,20,11.48,8,15,3,4,2,2,0.22,54.84,54.84,0,N/A,N/A,1,1,2.7,3.7,5,13.5,18.5,0,30,30,N/A,5,4,0,4,1,0,6,1,0.14,N/A,0.01
"OpenConext\EngineBlock\Metadata\Organization",12,5,27.86,1.13,31.35,0.89,0.01,2,24.77,3,9,1,4,1,1,0.15,101.89,65.45,36.44,N/A,N/A,1,0,3,3,0,3,3,5,18,13,N/A,1,1,0,1,0,0,2,0,0,N/A,0
"OpenConext\EngineBlock\Metadata\RequestedAttribute",13,6,33.6,1,33.6,1,0.01,2,33.6,3,10,1,5,1,1,0.15,110.05,64.18,45.88,N/A,N/A,1,0,3,3,0,3,3,18,32,14,N/A,1,1,0,1,0,0,0,0,0,N/A,0
"OpenConext\EngineBlock\Metadata\Service",8,4,16,1,16,1,0.01,1,16,2,6,1,3,1,1,0.15,114.54,68.72,45.83,N/A,N/A,1,0,2,2,0,2,2,14,25,11,N/A,1,1,0,1,0,0,5,0,0,N/A,0
"OpenConext\EngineBlock\Metadata\ShibMdScope",0,0,0,0,0,0,0,0,0,0,0,0,0,1,0,0.15,218.04,171,47.04,N/A,N/A,0,0,0,0,0,0,0,10,16,6,N/A,0,0,0,0,0,0,1,0,0,N/A,0
"OpenConext\EngineBlock\Metadata\StepupConnections",26,10,86.37,8.5,734.15,0.12,0.03,41,10.16,9,17,5,5,5,4,0.52,95.42,54.2,41.22,N/A,N/A,1,0,4.5,4.5,0,18,18,18,46,28,N/A,4,3,0,3,1,0,2,1,0.33,N/A,0
"OpenConext\EngineBlock\Metadata\TransparentMfaEntity",17,5,39.47,4,157.89,0.25,0.01,9,9.87,5,12,2,3,1,1,0.15,91.37,58.98,32.39,N/A,N/A,1,0,3.5,3.5,0,14,14,6,29,23,N/A,4,2,0,2,2,0,1,2,0.67,N/A,0
"OpenConext\EngineBlock\Metadata\Utils",34,12,121.89,4.33,528.18,0.23,0.04,29,28.13,8,26,3,9,4,3,0.45,100.79,55.57,45.22,N/A,N/A,2,16,0.9,16.9,32,1.8,33.8,25,47,22,N/A,2,2,0,2,0,0,1,1,0.5,N/A,0
"OpenConext\EngineBlock\Metadata\X509\KeyPairFactory",43,16,172,5.17,888.67,0.19,0.06,49,33.29,12,31,4,12,4,3,0.52,88.69,50.98,37.72,N/A,N/A,1,4,0.89,4.89,12,2.67,14.67,14,46,32,N/A,3,2,0,2,0,1,4,5,0.56,N/A,0
"OpenConext\EngineBlock\Metadata\X509\X509Certificate",49,19,208.15,5.71,1189.42,0.18,0.07,66,36.43,17,32,5,14,6,4,0.66,86.51,47.11,39.4,N/A,N/A,1,1,1.63,2.63,4,6.5,10.5,23,67,44,N/A,4,3,0,3,1,0,2,1,0.33,N/A,0
"OpenConext\EngineBlock\Metadata\X509\X509CertificateFactory",57,23,257.84,5.56,1432.46,0.18,0.09,80,46.41,17,40,5,18,4,3,0.29,91.62,47.87,43.75,N/A,N/A,1,9,1.5,10.5,45,7.5,52.5,35,74,39,N/A,5,5,2,3,0,0,2,2,0.5,N/A,0
"OpenConext\EngineBlock\Metadata\X509\X509CertificateLazyProxy",23,8,69,5.1,351.9,0.2,0.02,20,13.53,6,17,3,5,2,2,0.22,102.34,57.15,45.19,N/A,N/A,2,1,1.67,2.67,3,5,8,26,49,23,N/A,3,3,0,3,0,0,1,1,0.5,N/A,0
"OpenConext\EngineBlock\Metadata\X509\X509KeyPair",12,5,27.86,2.67,74.3,0.38,0.01,4,10.45,4,8,2,3,1,1,0.15,106.62,61.85,44.77,N/A,N/A,1,0,2.67,2.67,0,8,8,20,39,19,N/A,3,1,0,1,2,0,4,0,0,N/A,0
"OpenConext\EngineBlock\Metadata\X509\X509PrivateKey",35,15,136.74,4.55,621.55,0.22,0.05,35,30.08,10,25,4,11,3,3,0.29,90.19,51.81,38.38,N/A,N/A,1,1,1.75,2.75,4,7,11,15,47,32,N/A,4,3,0,3,1,0,1,2,0.67,N/A,0
"OpenConext\EngineBlock\Request\RequestId",12,6,31.02,7,217.14,0.14,0.01,12,4.43,5,7,4,2,2,2,0.22,104.43,62.45,41.98,N/A,N/A,1,1,0.75,1.75,2,1.5,3.5,12,29,17,N/A,2,1,0,1,0,1,1,1,0.5,N/A,0
"OpenConext\EngineBlock\Request\RequestIdGenerator",N/A,N/A,N/A,N/A,N/A,N/A,N/A,N/A,N/A,N/A,N/A,N/A,N/A,1,1,0.15,N/A,N/A,N/A,N/A,N/A,N/A,N/A,N/A,N/A,N/A,N/A,N/A,N/A,N/A,N/A,N/A,1,1,0,1,0,0,2,0,0,N/A,0
"OpenConext\EngineBlock\Request\UniqidGenerator",0,0,0,0,0,0,0,0,0,0,0,0,0,1,1,0.15,171,171,0,N/A,N/A,1,0,1,1,0,1,1,0,8,8,N/A,1,1,0,1,0,0,0,1,1,N/A,0
"OpenConext\EngineBlock\Service\AuthenticationStateHelper",7,5,16.25,1.67,27.09,0.6,0.01,2,9.75,2,5,2,3,1,1,0.15,105.32,67.09,38.23,N/A,N/A,1,4,0.5,4.5,8,1,9,6,19,13,N/A,2,1,0,1,0,1,0,2,1,N/A,0
"OpenConext\EngineBlock\Service\AuthenticationStateHelperInterface",N/A,N/A,N/A,N/A,N/A,N/A,N/A,N/A,N/A,N/A,N/A,N/A,N/A,1,1,0.15,N/A,N/A,N/A,N/A,N/A,N/A,N/A,N/A,N/A,N/A,N/A,N/A,N/A,N/A,N/A,N/A,1,1,0,1,0,0,2,0,0,N/A,0
"OpenConext\EngineBlock\Service\Consent\ConsentAttributes",125,25,580.48,11,6385.3,0.09,0.19,355,52.77,37,88,5,20,15,7,1.26,73.54,36.21,37.33,N/A,N/A,8,64,1.1,65.1,640,11,651,37,125,88,N/A,10,8,6,2,1,1,2,0,0,N/A,0
"OpenConext\EngineBlock\Service\Consent\ConsentHashService",41,13,151.72,4.5,682.73,0.22,0.05,38,33.72,11,30,3,10,2,2,0.22,80.95,49.28,31.67,N/A,N/A,3,25,1.19,26.19,175,8.33,183.33,10,51,41,N/A,7,6,0,6,0,1,0,7,1,N/A,0
"OpenConext\EngineBlock\Service\Consent\ConsentHashServiceInterface",N/A,N/A,N/A,N/A,N/A,N/A,N/A,N/A,N/A,N/A,N/A,N/A,N/A,1,1,0.15,N/A,N/A,N/A,N/A,N/A,N/A,N/A,N/A,N/A,N/A,N/A,N/A,N/A,N/A,N/A,N/A,6,6,0,6,0,0,1,5,0.83,N/A,0
"OpenConext\EngineBlock\Service\Consent\ConsentService",67,22,298.78,7.35,2196.93,0.14,0.1,122,40.63,17,50,5,17,5,2,0.22,83.91,45.32,38.59,N/A,N/A,1,64,0.73,64.73,320,3.67,323.67,23,71,48,N/A,5,5,1,4,0,0,0,10,1,N/A,0
"OpenConext\EngineBlock\Service\Consent\ConsentServiceInterface",N/A,N/A,N/A,N/A,N/A,N/A,N/A,N/A,N/A,N/A,N/A,N/A,N/A,1,1,0.15,N/A,N/A,N/A,N/A,N/A,N/A,N/A,N/A,N/A,N/A,N/A,N/A,N/A,N/A,N/A,N/A,3,3,0,3,0,0,2,1,0.33,N/A,0
"OpenConext\EngineBlock\Service\CookieService",28,10,93.01,1.44,134.35,0.69,0.03,7,64.39,2,26,1,9,1,1,0.15,110.35,62.54,47.81,N/A,N/A,2,0,8,8,0,16,16,25,37,12,N/A,2,2,0,2,0,0,1,0,0,N/A,0
"OpenConext\EngineBlock\Service\DeprovisionService",86,20,371.69,8.75,3252.25,0.11,0.12,181,42.48,16,70,4,16,4,2,0.52,85.1,43.16,41.93,N/A,N/A,1,256,0.32,256.32,2048,2.53,2050.53,40,97,57,N/A,8,8,5,3,0,0,1,7,0.88,N/A,0
"OpenConext\EngineBlock\Service\DeprovisionServiceInterface",N/A,N/A,N/A,N/A,N/A,N/A,N/A,N/A,N/A,N/A,N/A,N/A,N/A,1,1,0.15,N/A,N/A,N/A,N/A,N/A,N/A,N/A,N/A,N/A,N/A,N/A,N/A,N/A,N/A,N/A,N/A,2,2,0,2,0,0,1,1,0.5,N/A,0
"OpenConext\EngineBlock\Service\Dto\ProcessingStateStep",12,5,27.86,2.67,74.3,0.38,0.01,4,10.45,4,8,2,3,1,1,0.15,105.16,61.85,43.31,N/A,N/A,1,0,2.67,2.67,0,8,8,16,35,19,N/A,3,1,0,1,2,0,1,2,0.67,N/A,0
"OpenConext\EngineBlock\Service\MetadataService",35,11,121.08,8.75,1059.45,0.11,0.04,59,13.84,14,21,5,6,4,2,0.22,72.28,51.19,21.08,N/A,N/A,1,25,1.17,26.17,100,4.67,104.67,3,38,35,N/A,4,3,0,3,0,1,0,3,1,N/A,0
"OpenConext\EngineBlock\Service\MetadataServiceInterface",N/A,N/A,N/A,N/A,N/A,N/A,N/A,N/A,N/A,N/A,N/A,N/A,N/A,1,1,0.15,N/A,N/A,N/A,N/A,N/A,N/A,N/A,N/A,N/A,N/A,N/A,N/A,N/A,N/A,N/A,N/A,3,3,0,3,0,0,4,1,0.2,N/A,0
"OpenConext\EngineBlock\Service\MfaHelper",36,14,137.06,3.55,485.96,0.28,0.05,27,38.66,10,26,3,11,3,3,0.29,84.09,53.41,30.68,N/A,N/A,1,36,0.71,36.71,72,1.43,73.43,6,33,27,N/A,2,2,0,2,0,0,0,3,1,N/A,0
"OpenConext\EngineBlock\Service\MfaHelperInterface",N/A,N/A,N/A,N/A,N/A,N/A,N/A,N/A,N/A,N/A,N/A,N/A,N/A,1,1,0.15,N/A,N/A,N/A,N/A,N/A,N/A,N/A,N/A,N/A,N/A,N/A,N/A,N/A,N/A,N/A,N/A,1,1,0,1,0,0,1,0,0,N/A,0
"OpenConext\EngineBlock\Service\ProcessingStateHelper",109,17,445.53,8.79,3914.33,0.11,0.15,217,50.71,27,82,3,14,9,4,0.71,77.56,39.86,37.7,N/A,N/A,1,36,1.41,37.41,252,9.86,261.86,31,102,71,N/A,7,6,1,5,0,1,0,8,1,N/A,0
"OpenConext\EngineBlock\Service\ProcessingStateHelperInterface",N/A,N/A,N/A,N/A,N/A,N/A,N/A,N/A,N/A,N/A,N/A,N/A,N/A,1,1,0.15,N/A,N/A,N/A,N/A,N/A,N/A,N/A,N/A,N/A,N/A,N/A,N/A,N/A,N/A,N/A,N/A,5,5,0,5,0,0,1,2,0.67,N/A,0
"OpenConext\EngineBlock\Service\ReleaseAsEnforcer",48,16,192,4.73,908.31,0.21,0.06,50,40.59,7,41,3,13,4,4,0.52,74.41,51.57,22.84,N/A,N/A,1,4,0.83,4.83,8,1.67,9.67,3,32,29,N/A,2,1,0,1,0,1,0,2,1,N/A,0
"OpenConext\EngineBlock\Service\ReleaseAsEnforcerInterface",N/A,N/A,N/A,N/A,N/A,N/A,N/A,N/A,N/A,N/A,N/A,N/A,N/A,1,1,0.15,N/A,N/A,N/A,N/A,N/A,N/A,N/A,N/A,N/A,N/A,N/A,N/A,N/A,N/A,N/A,N/A,1,1,0,1,0,0,1,0,0,N/A,0
"OpenConext\EngineBlock\Service\RequestAccessMailer",64,18,266.88,1.65,439.56,0.61,0.09,24,162.03,8,56,1,17,1,1,0.15,88.21,47.7,40.51,N/A,N/A,1,25,0.83,25.83,75,2.5,77.5,29,78,41,N/A,3,3,0,3,0,0,1,2,0.67,N/A,0
"OpenConext\EngineBlock\Service\SsoNotificationService",119,35,610.38,9.1,5556.61,0.11,0.2,309,67.05,31,88,6,29,7,5,0.43,81.83,40.01,41.83,N/A,N/A,1,81,0.84,81.84,405,4.2,409.2,45,110,65,N/A,5,5,2,3,0,0,0,4,1,N/A,0
"OpenConext\EngineBlock\Service\SsoSessionService",73,21,320.64,10.8,3462.9,0.09,0.11,192,29.69,19,54,6,15,7,4,0.43,88.05,45.04,43.01,N/A,N/A,1,36,0.57,36.57,180,2.86,182.86,38,85,47,N/A,5,5,1,4,0,0,2,3,0.6,N/A,0
"OpenConext\EngineBlock\Service\TimeProvider\TimeProvider",13,8,39,4,156,0.25,0.01,9,9.75,5,8,4,4,2,2,0.22,62.32,62.32,0,N/A,N/A,2,0,3,3,0,6,6,0,16,16,N/A,2,2,0,2,0,0,1,1,0.5,N/A,0
"OpenConext\EngineBlock\Service\TimeProvider\TimeProviderInterface",N/A,N/A,N/A,N/A,N/A,N/A,N/A,N/A,N/A,N/A,N/A,N/A,N/A,1,1,0.15,N/A,N/A,N/A,N/A,N/A,N/A,N/A,N/A,N/A,N/A,N/A,N/A,N/A,N/A,N/A,N/A,2,2,0,2,0,0,1,0,0,N/A,0
"OpenConext\EngineBlock\Stepup\StepupDecision",136,34,691.89,16.38,11333.24,0.06,0.23,630,42.24,45,91,9,25,20,8,1.47,70.21,35.91,34.3,N/A,N/A,1,289,0.62,289.62,1445,3.11,1448.11,25,105,80,N/A,5,5,1,4,0,0,1,4,0.8,N/A,0
"OpenConext\EngineBlock\Stepup\StepupEndpoint",40,14,152.29,5.8,883.31,0.17,0.05,49,26.26,11,29,4,10,3,3,0.22,87.84,48.25,39.59,N/A,N/A,1,16,0.92,16.92,80,4.6,84.6,24,69,45,N/A,5,5,1,4,0,0,1,2,0.67,N/A,0
"OpenConext\EngineBlock\Stepup\StepupEntityFactory",71,11,245.62,6.33,1555.59,0.16,0.08,86,38.78,14,57,2,9,1,1,0.15,86.71,53.85,32.86,N/A,N/A,2,25,0.67,25.67,50,1.33,51.33,6,28,22,N/A,2,2,0,2,0,0,0,7,1,N/A,0
"OpenConext\EngineBlock\Stepup\StepupGatewayCallOutHelper",64,14,243.67,4.33,1055.91,0.23,0.08,59,56.23,12,52,2,12,1,1,0.15,75.76,48.69,27.07,N/A,N/A,1,64,0.81,64.81,384,4.89,388.89,6,44,38,N/A,6,6,0,6,0,0,0,8,1,N/A,0
"OpenConext\EngineBlock\Stepup\StepupGatewayLoaMapping",64,22,285.4,4.26,1216.72,0.23,0.1,68,66.95,10,54,3,19,4,2,0.52,67.22,47.32,19.89,N/A,N/A,1,64,0.47,64.47,256,1.89,257.89,3,43,40,N/A,4,3,0,3,1,0,1,4,0.8,N/A,0
"OpenConext\EngineBlock\Stepup\StepupGsspUserAttributeExtension",80,37,416.76,4.12,1717.54,0.24,0.14,95,101.12,12,68,4,33,4,3,0.68,74.8,47.17,27.63,N/A,N/A,2,169,0.39,169.39,338,0.79,338.79,6,42,36,N/A,2,2,0,2,0,0,0,5,1,N/A,0
"OpenConext\EngineBlock\Validator\AcsRequestValidator",23,12,82.45,7,577.18,0.14,0.03,32,11.78,9,14,6,6,6,6,0.29,101.96,59.51,42.45,N/A,N/A,1,4,0.67,4.67,4,0.67,4.67,12,28,16,N/A,1,1,0,1,0,0,0,4,1,N/A,0
"OpenConext\EngineBlock\Validator\AllowedSchemeValidator",20,9,63.4,4.8,304.31,0.21,0.02,17,13.21,8,12,4,5,4,4,0.29,85,58.46,26.54,N/A,N/A,1,0,4,4,0,8,8,3,23,20,N/A,2,1,0,1,0,1,0,1,1,N/A,0
"OpenConext\EngineBlock\Validator\RequestValidator",N/A,N/A,N/A,N/A,N/A,N/A,N/A,N/A,N/A,N/A,N/A,N/A,N/A,1,1,0.15,N/A,N/A,N/A,N/A,N/A,N/A,N/A,N/A,N/A,N/A,N/A,N/A,N/A,N/A,N/A,N/A,1,1,0,1,0,0,8,1,0.11,N/A,0
"OpenConext\EngineBlock\Validator\SamlBindingValidator",16,11,55.35,4.58,253.69,0.22,0.02,14,12.08,5,11,5,6,4,4,0.22,102.76,60.99,41.77,N/A,N/A,1,4,0.67,4.67,4,0.67,4.67,11,27,16,N/A,1,1,0,1,0,0,0,4,1,N/A,0
"OpenConext\EngineBlock\Validator\SamlResponseValidator",116,39,613.11,7.36,4514.69,0.14,0.2,251,83.26,35,81,6,33,9,6,0.71,80.92,40.02,40.9,N/A,N/A,1,361,0.2,361.2,1805,1,1806,39,102,63,N/A,5,5,4,1,0,0,0,5,1,N/A,0
"OpenConext\EngineBlock\Validator\SsoRequestValidator",23,12,82.45,7,577.18,0.14,0.03,32,11.78,9,14,6,6,6,6,0.29,101.96,59.51,42.45,N/A,N/A,1,4,0.67,4.67,4,0.67,4.67,12,28,16,N/A,1,1,0,1,0,0,0,4,1,N/A,0
"OpenConext\EngineBlock\Validator\UnsolicitedSsoRequestValidator",14,9,44.38,2.5,110.95,0.4,0.01,6,17.75,4,10,3,6,3,3,0.29,100.79,61.8,38.99,N/A,N/A,1,4,0.67,4.67,4,0.67,4.67,8,24,16,N/A,1,1,0,1,0,0,0,3,1,N/A,0
"OpenConext\EngineBlock\Validator\ValidatorInterface",N/A,N/A,N/A,N/A,N/A,N/A,N/A,N/A,N/A,N/A,N/A,N/A,N/A,1,1,0.15,N/A,N/A,N/A,N/A,N/A,N/A,N/A,N/A,N/A,N/A,N/A,N/A,N/A,N/A,N/A,N/A,1,1,0,1,0,0,2,0,0,N/A,0
"OpenConext\EngineBlock\Xml\DocumentSigner",26,12,93.21,6.79,632.49,0.15,0.03,35,13.74,7,19,5,7,4,4,0.29,90.12,58.83,31.29,N/A,N/A,1,49,0.38,49.38,49,0.38,49.38,4,21,17,N/A,1,1,0,1,0,0,1,4,0.8,N/A,0
"OpenConext\EngineBlock\Xml\MetadataProvider",84,16,336,7.27,2442.46,0.14,0.11,136,46.22,21,63,3,13,6,4,0.5,86.31,43.54,42.77,N/A,N/A,1,169,0.49,169.49,1014,2.93,1016.93,43,98,55,N/A,6,6,0,6,0,0,1,6,0.86,N/A,0
"OpenConext\EngineBlock\Xml\MetadataRenderer",176,35,902.75,6.52,5882.01,0.15,0.3,327,138.55,37,139,3,32,5,4,0.6,70.78,36.43,34.35,N/A,N/A,1,144,0.8,144.8,1152,6.38,1158.38,27,113,86,N/A,8,8,4,4,0,0,1,11,0.92,N/A,0
"OpenConext\EngineBlock\Xml\ValueObjects\IdentityProviderMetadata",22,8,66,2.5,165,0.4,0.02,9,26.4,7,15,2,6,2,2,0.38,80.02,56.12,23.9,N/A,N/A,1,1,1.63,2.63,4,6.5,10.5,3,29,26,N/A,4,3,0,3,0,1,0,1,1,N/A,0
"OpenConext\EngineBlockBridge\Authentication\Repository\UserDirectoryAdapter",72,16,288,9,2592,0.11,0.1,144,32,18,54,4,12,4,4,0.36,86.09,45.18,40.91,N/A,N/A,1,49,0.67,49.67,294,4,298,31,81,50,N/A,6,6,0,6,0,0,0,8,1,N/A,0
"OpenConext\EngineBlockBridge\ErrorReporter",91,27,432.69,11.73,5073.35,0.09,0.14,282,36.9,24,67,7,20,9,5,0.59,75.22,43.08,32.14,N/A,N/A,1,196,0.25,196.25,784,1,785,13,64,51,N/A,4,4,2,2,0,0,4,4,0.5,N/A,0
"OpenConext\EngineBlockBridge\EventListener\SetCortoTranslationsLocaleListener",11,4,22,1.33,29.33,0.75,0.01,2,16.5,3,8,1,3,1,1,0.15,106.65,64.2,42.45,N/A,N/A,1,25,0.08,25.08,50,0.17,50.17,12,28,16,N/A,2,2,0,2,0,0,0,2,1,N/A,0
"OpenConext\EngineBlockBridge\Logger\AuthenticationLoggerAdapter",36,15,140.65,2.46,346.21,0.41,0.05,19,57.14,4,32,2,13,2,2,0.15,102.66,57.85,44.81,N/A,N/A,1,9,1.63,10.63,18,3.25,21.25,18,35,17,N/A,2,1,0,1,0,1,0,8,1,N/A,0
"OpenConext\EngineBlockBridge\ResponseFactory",9,3,14.26,6,85.59,0.17,0,5,2.38,3,6,2,1,2,2,0.22,104.8,68.93,35.87,N/A,N/A,1,16,0.6,16.6,16,0.6,16.6,4,15,11,N/A,1,1,0,1,0,0,7,3,0.3,N/A,0
"OpenConext\EngineBlockBundle\AttributeAggregation\AttributeAggregationClient",20,10,66.44,2,132.88,0.5,0.02,7,33.22,4,16,2,8,1,1,0.15,103.89,60.84,43.05,N/A,N/A,1,4,0.83,4.83,8,1.67,9.67,13,29,16,N/A,2,2,0,2,0,0,0,4,1,N/A,0
"OpenConext\EngineBlockBundle\AttributeAggregation\AttributeAggregationClientInterface",N/A,N/A,N/A,N/A,N/A,N/A,N/A,N/A,N/A,N/A,N/A,N/A,N/A,1,1,0.15,N/A,N/A,N/A,N/A,N/A,N/A,N/A,N/A,N/A,N/A,N/A,N/A,N/A,N/A,N/A,N/A,1,1,0,1,0,0,1,1,0.5,N/A,0
"OpenConext\EngineBlockBundle\AttributeAggregation\Dto\AggregatedAttribute",20,8,60,2.5,150,0.4,0.02,8,24,5,15,2,6,1,1,0.15,103.72,60.57,43.15,N/A,N/A,1,1,2,3,1,2,3,14,31,17,N/A,1,1,0,1,0,0,1,1,0.5,N/A,0
"OpenConext\EngineBlockBundle\AttributeAggregation\Dto\AttributeRule",39,12,139.81,3.1,433.42,0.32,0.05,24,45.1,8,31,2,10,3,3,0.61,94.67,53.01,41.66,N/A,N/A,2,9,1,10,18,2,20,19,47,28,N/A,2,2,0,2,0,0,0,2,1,N/A,0
"OpenConext\EngineBlockBundle\AttributeAggregation\Dto\Request",83,26,390.14,4.3,1679.28,0.23,0.13,93,90.64,17,66,3,23,4,3,0.68,85.25,44.45,40.81,N/A,N/A,3,16,1.7,17.7,64,6.8,70.8,30,79,49,N/A,4,4,2,2,0,0,2,2,0.5,N/A,0
"OpenConext\EngineBlockBundle\AttributeAggregation\Dto\Response",41,16,164,3.58,586.62,0.28,0.05,33,45.85,10,31,3,13,6,4,0.66,86.77,51.15,35.62,N/A,N/A,2,4,1,5,8,2,10,11,42,31,N/A,2,2,1,1,0,0,1,2,0.67,N/A,0
"OpenConext\EngineBlockBundle\Authentication\AuthenticationLoopGuard",44,16,176,3.81,670.15,0.26,0.06,37,46.22,11,33,3,13,1,1,0.15,90.87,52.57,38.29,N/A,N/A,1,36,0.57,36.57,108,1.71,109.71,13,41,28,N/A,3,3,0,3,0,0,0,5,1,N/A,0
"OpenConext\EngineBlockBundle\Authentication\AuthenticationLoopGuardInterface",N/A,N/A,N/A,N/A,N/A,N/A,N/A,N/A,N/A,N/A,N/A,N/A,N/A,1,1,0.15,N/A,N/A,N/A,N/A,N/A,N/A,N/A,N/A,N/A,N/A,N/A,N/A,N/A,N/A,N/A,N/A,2,2,0,2,0,0,2,2,0.5,N/A,0
"OpenConext\EngineBlockBundle\Authentication\AuthenticationProcedure",77,17,314.73,19.11,6014.93,0.05,0.1,334,16.47,34,43,8,9,9,7,0.36,84.73,42.2,42.53,N/A,N/A,2,1,4.9,5.9,10,49,59,47,109,62,N/A,10,7,0,7,0,3,5,4,0.44,N/A,0
"OpenConext\EngineBlockBundle\Authentication\AuthenticationProcedureList",46,11,159.13,6,954.8,0.17,0.05,53,26.52,14,32,3,8,3,3,0.45,86.36,48.55,37.81,N/A,N/A,1,16,1.77,17.77,96,10.6,106.6,19,62,43,N/A,6,6,0,6,0,0,0,5,1,N/A,0
"OpenConext\EngineBlockBundle\Authentication\AuthenticationProcedureMap",66,14,251.29,9,2261.57,0.11,0.08,126,27.92,21,45,4,10,7,4,0.82,82.76,43.46,39.3,N/A,N/A,1,49,1.61,50.61,392,12.88,404.88,31,91,60,N/A,8,8,0,8,0,0,5,7,0.58,N/A,0
"OpenConext\EngineBlockBundle\Authentication\AuthenticationState",88,27,418.43,7.05,2948.03,0.14,0.14,164,59.39,26,62,5,22,7,3,0.57,84.65,42.91,41.74,N/A,N/A,1,121,0.18,121.18,605,0.92,605.92,37,91,54,N/A,5,5,0,5,0,0,1,10,0.91,N/A,0
"OpenConext\EngineBlockBundle\Authentication\AuthenticationStateInterface",N/A,N/A,N/A,N/A,N/A,N/A,N/A,N/A,N/A,N/A,N/A,N/A,N/A,1,1,0.15,N/A,N/A,N/A,N/A,N/A,N/A,N/A,N/A,N/A,N/A,N/A,N/A,N/A,N/A,N/A,N/A,4,4,0,4,0,0,1,1,0.5,N/A,0
"OpenConext\EngineBlockBundle\Authentication\Entity\Consent",16,11,55.35,0,0,1.38,0.02,0,76.11,0,16,0,11,1,0,0.15,114.26,64.94,49.31,N/A,N/A,0,0,0,0,0,0,0,51,62,11,N/A,0,0,0,0,0,0,0,0,0,N/A,0
"OpenConext\EngineBlockBundle\Authentication\Entity\SamlPersistentId",11,7,30.88,0,0,1.27,0.01,0,39.3,0,11,0,7,1,0,0.15,118.89,71,47.89,N/A,N/A,0,0,0,0,0,0,0,15,22,7,N/A,0,0,0,0,0,0,0,0,0,N/A,0
"OpenConext\EngineBlockBundle\Authentication\Entity\ServiceProviderUuid",7,6,18.09,0,0,1.71,0.01,0,31.02,0,7,0,6,1,0,0.15,121.47,74.09,47.39,N/A,N/A,0,0,0,0,0,0,0,11,17,6,N/A,0,0,0,0,0,0,0,0,0,N/A,0
"OpenConext\EngineBlockBundle\Authentication\Entity\User",5,4,10,0,0,1.6,0,0,16,0,5,0,4,1,0,0.15,123.57,75.89,47.68,N/A,N/A,0,0,0,0,0,0,0,12,18,6,N/A,0,0,0,0,0,0,2,0,0,N/A,0
"OpenConext\EngineBlockBundle\Authentication\Repository\DbalConsentRepository",183,53,1048.21,14.52,15222.86,0.07,0.35,846,72.18,41,142,9,44,12,4,0.36,66.69,31.8,34.89,N/A,N/A,1,169,0.8,169.8,1352,6.43,1358.43,40,161,121,N/A,8,8,0,8,0,0,0,12,1,N/A,0
"OpenConext\EngineBlockBundle\Authentication\Repository\SamlPersistentIdRepository",16,9,50.72,2,101.44,0.5,0.02,6,25.36,2,14,2,7,1,1,0.15,101.55,61.08,40.46,N/A,N/A,3,100,0.18,100.18,300,0.55,300.55,10,27,17,N/A,3,3,0,3,0,0,1,3,0.75,N/A,0
"OpenConext\EngineBlockBundle\Authentication\Repository\ServiceProviderUuidRepository",12,7,33.69,3.38,113.7,0.3,0.01,6,9.98,3,9,3,4,2,2,0.22,101.72,63.38,38.34,N/A,N/A,2,4,0.67,4.67,8,1.33,9.33,7,22,15,N/A,2,2,0,2,0,0,1,2,0.67,N/A,0
"OpenConext\EngineBlockBundle\Authentication\Repository\UserRepository",23,9,72.91,3,218.72,0.33,0.02,12,24.3,2,21,2,7,1,1,0.15,98.46,57.12,41.34,N/A,N/A,3,196,0.13,196.13,784,0.53,784.53,15,38,23,N/A,4,4,0,4,0,0,1,4,0.8,N/A,0
"OpenConext\EngineBlockBundle\Authentication\Service\SamlResponseHelper",72,24,330.12,5.8,1914.68,0.17,0.11,106,56.92,14,58,4,20,7,4,0.59,68.52,46.24,22.28,N/A,N/A,1,225,0.27,225.27,675,0.81,675.81,4,45,41,N/A,3,2,0,2,0,1,1,5,0.83,N/A,0
"OpenConext\EngineBlockBundle\Authentication\Service\UserService",40,9,126.8,7.25,919.28,0.14,0.04,51,17.49,11,29,3,6,3,2,0.29,71.75,50.92,20.83,N/A,N/A,1,36,0.57,36.57,180,2.86,182.86,3,39,36,N/A,5,4,0,4,0,1,0,6,1,N/A,0
"OpenConext\EngineBlockBundle\Bridge\DiContainerRuntime",1,1,0,0,0,2,0,0,0,0,1,0,1,1,1,0.15,214.43,171,43.43,N/A,N/A,1,0,1,1,0,1,1,6,13,7,N/A,1,1,0,1,0,0,1,1,0.5,N/A,0
"OpenConext\EngineBlockBundle\Bridge\EngineBlockBootstrapper",11,7,30.88,1.6,49.41,0.63,0.01,3,19.3,3,8,2,5,1,1,0.15,62.05,62.05,0,N/A,N/A,2,4,0.44,4.44,12,1.33,13.33,0,18,18,N/A,3,3,0,3,0,0,0,4,1,N/A,0
"OpenConext\EngineBlockBundle\Configuration\ErrorFeedbackConfiguration",61,13,225.73,13.44,3033.2,0.07,0.08,169,16.8,18,43,5,8,2,2,0.15,90.08,47.4,42.68,N/A,N/A,1,16,1.6,17.6,128,12.8,140.8,34,78,44,N/A,8,7,3,4,0,1,0,2,1,N/A,0
"OpenConext\EngineBlockBundle\Configuration\ErrorFeedbackConfigurationInterface",N/A,N/A,N/A,N/A,N/A,N/A,N/A,N/A,N/A,N/A,N/A,N/A,N/A,1,1,0.15,N/A,N/A,N/A,N/A,N/A,N/A,N/A,N/A,N/A,N/A,N/A,N/A,N/A,N/A,N/A,N/A,4,4,0,4,0,0,2,0,0,N/A,0
"OpenConext\EngineBlockBundle\Configuration\Feature",15,5,34.83,3.67,127.71,0.27,0.01,7,9.5,4,11,2,3,1,1,0.15,102.8,60.23,42.57,N/A,N/A,1,4,0.89,4.89,12,2.67,14.67,16,37,21,N/A,3,1,0,1,2,0,1,1,0.5,N/A,0
"OpenConext\EngineBlockBundle\Configuration\FeatureConfiguration",39,13,144.32,6.89,994.18,0.15,0.05,55,20.95,8,31,4,9,3,2,0.45,82.49,52.58,29.92,N/A,N/A,1,36,0.57,36.57,108,1.71,109.71,6,35,29,N/A,3,3,0,3,0,0,1,4,0.8,N/A,0
"OpenConext\EngineBlockBundle\Configuration\FeatureConfigurationInterface",N/A,N/A,N/A,N/A,N/A,N/A,N/A,N/A,N/A,N/A,N/A,N/A,N/A,1,1,0.15,N/A,N/A,N/A,N/A,N/A,N/A,N/A,N/A,N/A,N/A,N/A,N/A,N/A,N/A,N/A,N/A,2,2,0,2,0,0,6,0,0,N/A,0
"OpenConext\EngineBlockBundle\Controller\Api\AttributeReleasePolicyController",148,36,765.15,6.94,5308.22,0.14,0.26,295,110.29,37,111,4,32,24,14,1.89,64.31,34.06,30.25,N/A,N/A,1,121,0.29,121.29,484,1.17,485.17,19,108,89,N/A,4,4,1,3,0,0,0,12,1,N/A,0
"OpenConext\EngineBlockBundle\Controller\Api\ConnectionsController",84,31,416.15,5.96,2480.91,0.17,0.14,138,69.81,22,62,5,26,12,9,0.57,81.75,41.58,40.17,N/A,N/A,1,144,0.26,144.26,432,0.77,432.77,33,91,58,N/A,3,3,1,2,0,0,0,14,1,N/A,0
"OpenConext\EngineBlockBundle\Controller\Api\ConsentController",115,40,612.02,7.5,4590.16,0.13,0.2,255,81.6,30,85,6,34,15,8,0.78,70.46,38.22,32.24,N/A,N/A,1,196,0.32,196.32,784,1.27,785.27,18,88,70,N/A,4,4,1,3,0,0,0,12,1,N/A,0
"OpenConext\EngineBlockBundle\Controller\Api\DeprovisionController",110,35,564.22,7.25,4090.6,0.14,0.19,227,77.82,23,87,5,30,9,4,0.8,80.49,39.27,41.22,N/A,N/A,1,196,0.4,196.4,1372,2.8,1374.8,45,115,70,N/A,7,7,4,3,0,0,0,11,1,N/A,0
"OpenConext\EngineBlockBundle\Controller\Api\HeartbeatController",5,5,11.61,0.5,5.8,2,0,0,23.22,1,4,1,4,1,1,0.15,97.4,72.71,24.69,N/A,N/A,1,0,1,1,0,1,1,1,9,8,N/A,1,1,0,1,0,0,0,1,1,N/A,0
"OpenConext\EngineBlockBundle\Controller\Api\MetadataController",62,28,298.06,6.14,1828.98,0.16,0.1,102,48.57,17,45,6,22,8,5,0.5,81.36,45.33,36.03,N/A,N/A,1,144,0.21,144.21,432,0.62,432.62,17,63,46,N/A,3,3,1,2,0,0,0,13,1,N/A,0
"OpenConext\EngineBlockBundle\Controller\AuthenticationLoopThrottlingController",N/A,N/A,N/A,N/A,N/A,N/A,N/A,N/A,N/A,N/A,N/A,N/A,N/A,1,0,0.15,N/A,N/A,N/A,N/A,N/A,N/A,N/A,N/A,N/A,N/A,N/A,N/A,N/A,N/A,N/A,N/A,0,0,0,0,0,0,4,0,0,N/A,0
"OpenConext\EngineBlockBundle\Controller\CertificateController",26,8,78,8.5,663,0.12,0.03,37,9.18,9,17,4,4,3,2,0.29,92.14,55.12,37.01,N/A,N/A,1,25,0.5,25.5,75,1.5,76.5,11,38,27,N/A,3,2,0,2,0,1,0,3,1,N/A,0
"OpenConext\EngineBlockBundle\Controller\DebugController",27,15,105.49,1.62,170.4,0.62,0.04,9,65.3,6,21,2,13,1,1,0.15,95.31,57.32,37.99,N/A,N/A,1,49,0.25,49.25,98,0.5,98.5,9,29,20,N/A,2,2,0,2,0,0,0,8,1,N/A,0
"OpenConext\EngineBlockBundle\Controller\FeedbackController",438,146,3149.14,3.8,11957.94,0.26,1.05,664,829.33,76,362,3,143,9,4,0.64,59.18,23.91,35.27,N/A,N/A,1,256,1.97,257.97,8960,69.06,9029.06,70,274,204,N/A,35,35,1,34,0,0,0,7,1,N/A,0
"OpenConext\EngineBlockBundle\Controller\IdentityProviderController",221,67,1340.61,10.27,13763.55,0.1,0.45,765,130.58,45,176,7,60,11,5,1.1,76.28,33,43.29,N/A,N/A,1,225,0.65,225.65,1800,5.19,1805.19,84,184,100,N/A,8,8,1,7,0,0,0,13,1,N/A,0
"OpenConext\EngineBlockBundle\Controller\IndexController",27,14,102.8,2.86,294.38,0.35,0.03,16,35.9,6,21,3,11,2,2,0.22,94.09,57.26,36.83,N/A,N/A,1,1,1,2,2,2,4,8,28,20,N/A,2,2,0,2,0,0,0,3,1,N/A,0
"OpenConext\EngineBlockBundle\Controller\LogoutController",39,22,173.92,3.33,579.73,0.3,0.06,32,52.18,9,30,4,18,3,3,0.29,95.1,53.41,41.68,N/A,N/A,1,16,0.7,16.7,32,1.4,33.4,17,42,25,N/A,2,2,0,2,0,0,0,4,1,N/A,0
"OpenConext\EngineBlockBundle\Controller\MetadataController",137,45,752.38,4,3009.54,0.25,0.25,167,188.1,25,112,3,42,4,2,0.36,77.15,40.85,36.3,N/A,N/A,1,81,0.63,81.63,486,3.8,489.8,22,80,58,N/A,6,6,0,6,0,0,0,4,1,N/A,0
"OpenConext\EngineBlockBundle\Controller\ProxyController",13,9,41.21,1.43,58.87,0.7,0.01,3,28.85,3,10,2,7,1,1,0.15,104.42,62.9,41.52,N/A,N/A,1,9,0.38,9.38,18,0.75,18.75,10,25,15,N/A,2,1,0,1,0,1,0,3,1,N/A,0
"OpenConext\EngineBlockBundle\Controller\ServiceProviderController",40,15,156.28,2.46,384.68,0.41,0.05,21,63.49,8,32,2,13,1,1,0.15,94.2,52.28,41.91,N/A,N/A,1,25,0.61,25.61,75,1.83,76.83,21,51,30,N/A,3,3,0,3,0,0,0,6,1,N/A,0
"OpenConext\EngineBlockBundle\Controller\StepupController",31,12,111.13,2.5,277.83,0.4,0.04,15,44.45,6,25,2,10,1,1,0.15,97.44,55.43,42.01,N/A,N/A,1,16,0.7,16.7,32,1.4,33.4,17,41,24,N/A,2,2,0,2,0,0,0,6,1,N/A,0
"OpenConext\EngineBlockBundle\Controller\WayfController",146,44,797.08,8.45,6733.2,0.12,0.27,374,94.36,39,107,6,38,12,9,1.24,69.69,36.21,33.48,N/A,N/A,1,324,0.34,324.34,1620,1.68,1621.68,24,107,83,N/A,5,5,1,4,0,0,0,10,1,N/A,0
"OpenConext\EngineBlockBundle\Doctrine\DqlFunction\Md5",15,8,45,3.3,148.5,0.3,0.02,8,13.64,4,11,3,5,1,1,0.15,62.02,62.02,0,N/A,N/A,1,9,0.5,9.5,18,1,19,0,16,16,N/A,2,2,0,2,0,0,0,3,1,N/A,0
"OpenConext\EngineBlockBundle\Doctrine\Type\CollabPersonIdType",64,22,285.4,6.32,1804.76,0.16,0.1,100,45.13,21,43,5,17,7,3,0.5,66.58,44.43,22.15,N/A,N/A,4,16,2.27,18.27,96,13.6,109.6,5,57,52,N/A,6,6,1,5,0,0,0,4,1,N/A,0
"OpenConext\EngineBlockBundle\Doctrine\Type\CollabPersonUuidType",61,21,267.93,6.41,1716.44,0.16,0.09,95,41.82,20,41,5,16,7,3,0.5,65.1,44.81,20.29,N/A,N/A,4,16,2.27,18.27,96,13.6,109.6,4,55,51,N/A,6,6,1,5,0,0,0,4,1,N/A,0
"OpenConext\EngineBlockBundle\Doctrine\Type\LegacyJsonType",45,16,180,10.89,1960,0.09,0.06,109,16.53,17,28,7,9,7,5,0.36,81.29,48.81,32.48,N/A,N/A,4,16,1.5,17.5,64,6,70,10,48,38,N/A,4,4,0,4,0,0,0,4,1,N/A,0
"OpenConext\EngineBlockBundle\Doctrine\Type\MetadataCoinType",54,20,233.38,6.33,1478.1,0.16,0.08,82,36.85,16,38,5,15,6,4,0.36,71.88,46.55,25.34,N/A,N/A,5,25,1.56,26.56,150,9.33,159.33,6,51,45,N/A,6,6,0,6,0,0,0,4,1,N/A,0
"OpenConext\EngineBlockBundle\Doctrine\Type\MetadataMduiType",51,20,220.42,6,1322.51,0.17,0.07,73,36.74,15,36,5,15,6,4,0.36,72.05,47.6,24.44,N/A,N/A,4,16,1.68,17.68,80,8.4,88.4,5,46,41,N/A,5,5,0,5,0,0,0,4,1,N/A,0
"OpenConext\EngineBlockBundle\Doctrine\Type\SerializedArrayType",37,12,132.64,8.57,1136.95,0.12,0.04,63,15.48,13,24,5,7,5,5,0.29,78.71,50.78,27.93,N/A,N/A,3,9,1.88,10.88,36,7.5,43.5,6,41,35,N/A,4,4,0,4,0,0,0,3,1,N/A,0
"OpenConext\EngineBlockBundle\Doctrine\Type\SerializedObjectType",37,12,132.64,8.57,1136.95,0.12,0.04,63,15.48,13,24,5,7,5,5,0.29,78.71,50.78,27.93,N/A,N/A,3,9,1.88,10.88,36,7.5,43.5,6,41,35,N/A,4,4,0,4,0,0,0,3,1,N/A,0
"OpenConext\EngineBlockBundle\EventListener\ApiHttpExceptionListener",23,9,72.91,4.5,328.09,0.22,0.02,18,16.2,5,18,3,6,2,2,0.22,96.38,57.84,38.53,N/A,N/A,1,36,0.36,36.36,72,0.71,72.71,10,31,21,N/A,2,2,0,2,0,0,0,4,1,N/A,0
"OpenConext\EngineBlockBundle\EventListener\AuthenticationStateInitializer",34,13,125.81,4.89,615.1,0.2,0.04,34,25.73,12,22,4,9,4,4,0.36,78.54,52.86,25.68,N/A,N/A,1,64,0.3,64.3,192,0.89,192.89,4,33,29,N/A,3,2,0,2,0,1,0,4,1,N/A,0
"OpenConext\EngineBlockBundle\EventListener\ExecutionTimePaddingListener",65,21,285.5,4.25,1213.38,0.24,0.1,67,67.18,14,51,3,18,4,4,0.36,83.02,47.09,35.93,N/A,N/A,1,225,0.31,225.31,450,0.63,450.63,15,56,41,N/A,2,2,0,2,0,0,0,7,1,N/A,0
"OpenConext\EngineBlockBundle\EventListener\ExecutionTimeTracker",33,13,122.11,6.88,839.54,0.15,0.04,47,17.76,11,22,5,8,2,2,0.22,91.84,52.29,39.55,N/A,N/A,1,49,0.58,49.58,245,2.88,247.88,17,49,32,N/A,5,4,0,4,0,1,1,2,0.67,N/A,0
"OpenConext\EngineBlockBundle\EventListener\FallbackExceptionListener",48,21,210.83,3.25,685.2,0.31,0.07,38,64.87,9,39,3,18,3,3,0.29,94.34,51.1,43.23,N/A,N/A,1,64,0.33,64.33,128,0.67,128.67,25,55,30,N/A,2,2,0,2,0,0,0,7,1,N/A,0
"OpenConext\EngineBlockBundle\EventListener\LocaleListener",23,7,64.57,1.58,102.23,0.63,0.02,6,40.78,4,19,1,6,1,1,0.15,96,57.91,38.09,N/A,N/A,1,49,0.17,49.17,147,0.5,147.5,10,32,22,N/A,3,3,0,3,0,0,0,4,1,N/A,0
"OpenConext\EngineBlockBundle\EventListener\MethodNotAllowedHttpExceptionListener",49,19,208.15,3.66,761.04,0.27,0.07,42,56.93,10,39,3,16,3,3,0.22,91.49,52.5,38.99,N/A,N/A,1,81,0.25,81.25,162,0.5,162.5,13,39,26,N/A,2,2,0,2,0,0,0,4,1,N/A,0
"OpenConext\EngineBlockBundle\EventListener\NotFoundHttpExceptionListener",33,13,122.11,3.6,439.61,0.28,0.04,24,33.92,9,24,3,10,3,3,0.29,96.49,53.76,42.73,N/A,N/A,1,49,0.5,49.5,98,1,99,21,48,27,N/A,2,2,0,2,0,0,0,5,1,N/A,0
"OpenConext\EngineBlockBundle\EventListener\RedirectToFeedbackPageExceptionListener",296,74,1838,6.2,11395.59,0.16,0.61,633,296.45,79,217,4,70,36,36,0.29,54.59,26.04,28.55,N/A,N/A,1,256,0.21,256.21,512,0.41,512.41,24,156,132,N/A,2,2,0,2,0,0,0,6,1,N/A,0
"OpenConext\EngineBlockBundle\Exception\AddExecutionTimePadding",N/A,N/A,N/A,N/A,N/A,N/A,N/A,N/A,N/A,N/A,N/A,N/A,N/A,1,0,0.15,N/A,N/A,N/A,N/A,N/A,N/A,N/A,N/A,N/A,N/A,N/A,N/A,N/A,N/A,N/A,N/A,0,0,0,0,0,0,1,0,0,N/A,0
"OpenConext\EngineBlockBundle\Exception\Art",20,10,66.44,3.21,213.55,0.31,0.02,12,20.67,5,15,3,7,1,1,0.15,108.65,60.26,48.38,N/A,N/A,3,9,1.08,10.08,27,3.25,30.25,44,61,17,N/A,3,3,2,1,0,0,0,1,1,N/A,0
"OpenConext\EngineBlockBundle\Exception\AuthenticationSessionLimitExceededException",0,0,0,0,0,0,0,0,0,0,0,0,0,1,0,0.15,171,171,0,N/A,N/A,0,0,0,0,0,0,0,0,4,4,N/A,0,0,0,0,0,0,1,1,0.5,N/A,0
"OpenConext\EngineBlockBundle\Exception\EntityCanNotBeFoundException",0,0,0,0,0,0,0,0,0,0,0,0,0,1,0,0.15,171,171,0,N/A,N/A,0,0,0,0,0,0,0,0,4,4,N/A,0,0,0,0,0,0,2,1,0.33,N/A,0
"OpenConext\EngineBlockBundle\Exception\InvalidArgumentException",8,5,18.58,0.88,16.25,1.14,0.01,1,21.23,1,7,1,4,1,1,0.15,71.28,71.28,0,N/A,N/A,1,0,4,4,0,4,4,0,8,8,N/A,1,1,0,1,0,0,1,1,0.5,N/A,0
"OpenConext\EngineBlockBundle\Exception\InvalidAttributeAggregationResponseException",0,0,0,0,0,0,0,0,0,0,0,0,0,1,0,0.15,171,171,0,N/A,N/A,0,0,0,0,0,0,0,0,4,4,N/A,0,0,0,0,0,0,1,1,0.5,N/A,0
"OpenConext\EngineBlockBundle\Exception\InvalidPdpResponseException",0,0,0,0,0,0,0,0,0,0,0,0,0,1,0,0.15,171,171,0,N/A,N/A,0,0,0,0,0,0,0,0,4,4,N/A,0,0,0,0,0,0,1,1,0.5,N/A,0
"OpenConext\EngineBlockBundle\Exception\InvalidSbsResponseException",0,0,0,0,0,0,0,0,0,0,0,0,0,1,0,0.15,171,171,0,N/A,N/A,0,0,0,0,0,0,0,0,4,4,N/A,0,0,0,0,0,0,3,1,0.25,N/A,0
"OpenConext\EngineBlockBundle\Exception\LogicException",0,0,0,0,0,0,0,0,0,0,0,0,0,1,0,0.15,171,171,0,N/A,N/A,0,0,0,0,0,0,0,0,4,4,N/A,0,0,0,0,0,0,1,1,0.5,N/A,0
"OpenConext\EngineBlockBundle\Exception\ResponseProcessingFailedException",0,0,0,0,0,0,0,0,0,0,0,0,0,1,0,0.15,171,171,0,N/A,N/A,0,0,0,0,0,0,0,0,4,4,N/A,0,0,0,0,0,0,0,2,1,N/A,0
"OpenConext\EngineBlockBundle\Exception\RuntimeException",0,0,0,0,0,0,0,0,0,0,0,0,0,1,0,0.15,171,171,0,N/A,N/A,0,0,0,0,0,0,0,0,4,4,N/A,0,0,0,0,0,0,11,1,0.08,N/A,0.01
"OpenConext\EngineBlockBundle\Exception\StuckInAuthenticationLoopException",0,0,0,0,0,0,0,0,0,0,0,0,0,1,0,0.15,171,171,0,N/A,N/A,0,0,0,0,0,0,0,0,4,4,N/A,0,0,0,0,0,0,1,1,0.5,N/A,0
"OpenConext\EngineBlockBundle\Exception\UnableToCreateUrlException",0,0,0,0,0,0,0,0,0,0,0,0,0,1,0,0.15,171,171,0,N/A,N/A,0,0,0,0,0,0,0,0,4,4,N/A,0,0,0,0,0,0,1,1,0.5,N/A,0
"OpenConext\EngineBlockBundle\Exception\UnknownKeyIdException",11,6,28.43,2,56.87,0.5,0.01,3,14.22,3,8,2,4,1,1,0.15,93.59,64.03,29.56,N/A,N/A,1,1,0.75,1.75,2,1.5,3.5,3,18,15,N/A,2,1,0,1,1,0,1,1,0.5,N/A,0
"OpenConext\EngineBlockBundle\Exception\UnsupportedLanguageException",0,0,0,0,0,0,0,0,0,0,0,0,0,1,0,0.15,171,171,0,N/A,N/A,0,0,0,0,0,0,0,0,4,4,N/A,0,0,0,0,0,0,1,1,0.5,N/A,0
"OpenConext\EngineBlockBundle\Factory\CollabPersonIdFactory",7,5,16.25,1.67,27.09,0.6,0.01,2,9.75,2,5,2,3,2,2,0.15,99.65,67.71,31.94,N/A,N/A,1,1,1,2,1,1,2,3,15,12,N/A,1,1,0,1,0,0,2,2,0.5,N/A,0
"OpenConext\EngineBlockBundle\HealthCheck\DoctrineConnectionHealthCheck",21,11,72.65,4.29,311.35,0.23,0.02,17,16.95,6,15,4,7,3,3,0.22,97.95,55.7,42.25,N/A,N/A,1,16,0.6,16.6,48,1.8,49.8,19,45,26,N/A,3,2,0,2,0,1,0,5,1,N/A,0
"OpenConext\EngineBlockBundle\Http\Cookies\CookieFactory",50,16,200,6.17,1233.33,0.16,0.07,69,32.43,13,37,4,12,3,2,0.29,95.11,50.65,44.46,N/A,N/A,1,16,0.9,16.9,32,1.8,33.8,32,64,32,N/A,2,2,0,2,0,0,1,4,0.8,N/A,0
"OpenConext\EngineBlockBundle\Http\Exception\ApiAccessDeniedHttpException",0,0,0,0,0,0,0,0,0,0,0,0,0,1,0,0.15,171,171,0,N/A,N/A,0,0,0,0,0,0,0,0,4,4,N/A,0,0,0,0,0,0,5,2,0.29,N/A,0
"OpenConext\EngineBlockBundle\Http\Exception\ApiHttpException",N/A,N/A,N/A,N/A,N/A,N/A,N/A,N/A,N/A,N/A,N/A,N/A,N/A,1,0,0.15,N/A,N/A,N/A,N/A,N/A,N/A,N/A,N/A,N/A,N/A,N/A,N/A,N/A,N/A,N/A,N/A,0,0,0,0,0,0,5,1,0.17,N/A,0
"OpenConext\EngineBlockBundle\Http\Exception\ApiInternalServerErrorHttpException",8,5,18.58,0,0,1.25,0.01,0,23.22,0,8,0,5,1,1,0.15,71.28,71.28,0,N/A,N/A,1,1,1.5,2.5,1,1.5,2.5,0,8,8,N/A,1,1,0,1,0,0,2,2,0.5,N/A,0
"OpenConext\EngineBlockBundle\Http\Exception\ApiMethodNotAllowedHttpException",8,5,18.58,0.88,16.25,1.14,0.01,1,21.23,1,7,1,4,1,1,0.15,71.28,71.28,0,N/A,N/A,1,0,3,3,0,3,3,0,8,8,N/A,1,1,0,1,0,0,5,2,0.29,N/A,0
"OpenConext\EngineBlockBundle\Http\Exception\ApiNotFoundHttpException",0,0,0,0,0,0,0,0,0,0,0,0,0,1,0,0.15,171,171,0,N/A,N/A,0,0,0,0,0,0,0,0,4,4,N/A,0,0,0,0,0,0,5,2,0.29,N/A,0
"OpenConext\EngineBlockBundle\Http\Exception\BadApiRequestHttpException",0,0,0,0,0,0,0,0,0,0,0,0,0,1,0,0.15,171,171,0,N/A,N/A,0,0,0,0,0,0,0,0,4,4,N/A,0,0,0,0,0,0,4,2,0.33,N/A,0
"OpenConext\EngineBlockBundle\Http\Request\JsonRequestHelper",57,19,242.13,8.31,2011.56,0.12,0.08,112,29.15,21,36,6,13,5,3,0.43,82.31,48.95,33.35,N/A,N/A,2,1,1.5,2.5,2,3,5,10,45,35,N/A,2,2,0,2,0,0,2,2,0.5,N/A,0
"OpenConext\EngineBlockBundle\Http\Response\JsonHelper",87,28,418.24,1.54,642.85,0.65,0.14,36,272.11,4,83,1,27,1,1,0.15,89.86,56.51,33.35,N/A,N/A,1,16,1,17,16,1,17,4,18,14,N/A,1,1,0,1,0,0,1,1,0.5,N/A,0
"OpenConext\EngineBlockBundle\Http\Response\JsonResponse",15,9,47.55,0.88,41.61,1.14,0.02,2,54.34,1,14,1,8,2,2,0.22,64.45,64.45,0,N/A,N/A,1,9,0.75,9.75,9,0.75,9.75,0,12,12,N/A,1,1,0,1,0,0,2,2,0.5,N/A,0
"OpenConext\EngineBlockBundle\Localization\LanguageSupportProvider",23,10,76.4,3.64,278.33,0.27,0.03,15,20.97,6,17,3,7,4,4,0.52,93.41,56.17,37.24,N/A,N/A,1,0,2,2,0,4,4,10,34,24,N/A,2,1,0,1,1,0,7,1,0.13,N/A,0
"OpenConext\EngineBlockBundle\Localization\LocaleProvider",48,9,152.16,8.5,1293.33,0.12,0.05,72,17.9,14,34,3,6,5,5,0.43,91.77,50.36,41.4,N/A,N/A,1,9,1.5,10.5,27,4.5,31.5,23,58,35,N/A,3,2,0,2,0,1,2,2,0.5,N/A,0
"OpenConext\EngineBlockBundle\Monolog\Formatter\SyslogJsonFormatter",12,7,33.69,0.92,30.88,1.09,0.01,2,36.75,1,11,1,6,1,1,0.15,69.47,69.47,0,N/A,N/A,1,1,1,2,1,1,2,0,8,8,N/A,1,1,1,0,0,0,0,2,1,N/A,0
"OpenConext\EngineBlockBundle\OpenConextEngineBlockBundle",8,4,16,1.17,18.67,0.86,0.01,1,13.71,1,7,1,3,1,1,0.15,70.62,70.62,0,N/A,N/A,1,9,0,9,9,0,9,0,9,9,N/A,1,1,0,1,0,0,0,2,1,N/A,0
"OpenConext\EngineBlockBundle\Pdp\Dto\Attribute",15,9,47.55,4,190.2,0.25,0.02,11,11.89,5,10,4,5,2,2,0.22,102.96,62.33,40.63,N/A,N/A,1,0,1,1,0,1,1,9,24,15,N/A,1,1,0,1,0,0,2,1,0.33,N/A,0
"OpenConext\EngineBlockBundle\Pdp\Dto\Request\AccessSubject",3,3,4.75,0.5,2.38,2,0,0,9.51,1,2,1,2,1,1,0.15,109.28,74.31,34.97,N/A,N/A,1,0,1,1,0,1,1,3,12,9,N/A,1,1,0,1,0,0,1,1,0.5,N/A,0
"OpenConext\EngineBlockBundle\Pdp\Dto\Request\Resource",3,3,4.75,0.5,2.38,2,0,0,9.51,1,2,1,2,1,1,0.15,109.28,74.31,34.97,N/A,N/A,1,0,1,1,0,1,1,3,12,9,N/A,1,1,0,1,0,0,1,1,0.5,N/A,0
"OpenConext\EngineBlockBundle\Pdp\Dto\Request",94,29,456.65,2.48,1133.17,0.4,0.15,63,184.02,27,67,2,27,3,3,0.61,76.66,44.5,32.16,N/A,N/A,2,4,1.67,5.67,8,3.33,11.33,12,59,47,N/A,2,2,0,2,0,0,4,7,0.64,N/A,0
"OpenConext\EngineBlockBundle\Pdp\Dto\Response\AssociatedAdvice",0,0,0,0,0,0,0,0,0,0,0,0,0,1,0,0.15,215.46,171,44.46,N/A,N/A,0,0,0,0,0,0,0,6,12,6,N/A,0,0,0,0,0,0,1,0,0,N/A,0
"OpenConext\EngineBlockBundle\Pdp\Dto\Response\AttributeAssignment",0,0,0,0,0,0,0,0,0,0,0,0,0,1,0,0.15,217.6,171,46.6,N/A,N/A,0,0,0,0,0,0,0,12,20,8,N/A,0,0,0,0,0,0,2,0,0,N/A,0
"OpenConext\EngineBlockBundle\Pdp\Dto\Response\Category",0,0,0,0,0,0,0,0,0,0,0,0,0,1,0,0.15,215.46,171,44.46,N/A,N/A,0,0,0,0,0,0,0,6,12,6,N/A,0,0,0,0,0,0,1,0,0,N/A,0
"OpenConext\EngineBlockBundle\Pdp\Dto\Response\Obligation",0,0,0,0,0,0,0,0,0,0,0,0,0,1,0,0.15,215.46,171,44.46,N/A,N/A,0,0,0,0,0,0,0,6,12,6,N/A,0,0,0,0,0,0,1,0,0,N/A,0
"OpenConext\EngineBlockBundle\Pdp\Dto\Response\PolicyIdentifier",0,0,0,0,0,0,0,0,0,0,0,0,0,1,0,0.15,215.46,171,44.46,N/A,N/A,0,0,0,0,0,0,0,6,12,6,N/A,0,0,0,0,0,0,1,0,0,N/A,0
"OpenConext\EngineBlockBundle\Pdp\Dto\Response\PolicyIdReference",0,0,0,0,0,0,0,0,0,0,0,0,0,1,0,0.15,215.46,171,44.46,N/A,N/A,0,0,0,0,0,0,0,6,12,6,N/A,0,0,0,0,0,0,1,0,0,N/A,0
"OpenConext\EngineBlockBundle\Pdp\Dto\Response\PolicySetIdReference",0,0,0,0,0,0,0,0,0,0,0,0,0,1,0,0.15,215.46,171,44.46,N/A,N/A,0,0,0,0,0,0,0,6,12,6,N/A,0,0,0,0,0,0,1,0,0,N/A,0
"OpenConext\EngineBlockBundle\Pdp\Dto\Response\Status",0,0,0,0,0,0,0,0,0,0,0,0,0,1,0,0.15,216.88,171,45.88,N/A,N/A,0,0,0,0,0,0,0,9,16,7,N/A,0,0,0,0,0,0,1,0,0,N/A,0
"OpenConext\EngineBlockBundle\Pdp\Dto\Response\StatusCode",0,0,0,0,0,0,0,0,0,0,0,0,0,1,0,0.15,200.56,171,29.56,N/A,N/A,0,0,0,0,0,0,0,1,6,5,N/A,0,0,0,0,0,0,1,0,0,N/A,0
"OpenConext\EngineBlockBundle\Pdp\Dto\Response",235,47,1305.33,5.93,7742.97,0.17,0.44,430,220.06,61,174,3,44,25,25,3.11,59.96,30.12,29.84,N/A,N/A,1,0,2,2,0,2,2,23,135,112,N/A,1,1,0,1,0,0,4,13,0.76,N/A,0
"OpenConext\EngineBlockBundle\Pdp\PdpClient",23,11,79.57,2,159.13,0.5,0.03,9,39.78,5,18,2,9,1,1,0.15,95.28,59.72,35.56,N/A,N/A,1,9,0.63,9.63,18,1.25,19.25,6,23,17,N/A,2,2,0,2,0,0,0,5,1,N/A,0
"OpenConext\EngineBlockBundle\Pdp\PdpClientInterface",N/A,N/A,N/A,N/A,N/A,N/A,N/A,N/A,N/A,N/A,N/A,N/A,N/A,1,1,0.15,N/A,N/A,N/A,N/A,N/A,N/A,N/A,N/A,N/A,N/A,N/A,N/A,N/A,N/A,N/A,N/A,1,1,0,1,0,0,1,2,0.67,N/A,0
"OpenConext\EngineBlockBundle\Pdp\PolicyDecision",144,36,744.47,12.86,9571.75,0.08,0.25,532,57.9,54,90,8,28,21,8,1.82,64.98,31.71,33.27,N/A,N/A,4,49,2.07,51.07,637,26.88,663.88,34,154,120,N/A,13,10,3,7,2,1,4,5,0.56,N/A,0
"OpenConext\EngineBlockBundle\Sbs\AttributesResponse",17,8,51,3.6,183.6,0.28,0.02,10,14.17,5,12,3,5,3,3,0.29,89.03,60.8,28.23,N/A,N/A,1,0,2,2,0,2,2,3,20,17,N/A,1,1,0,1,0,0,4,3,0.43,N/A,0
"OpenConext\EngineBlockBundle\Sbs\AuthzResponse",59,19,250.63,11.67,2923.99,0.09,0.08,162,21.48,19,40,7,12,11,7,0.43,47.51,47.51,0,N/A,N/A,2,1,1.25,2.25,2,2.5,4.5,0,37,37,N/A,2,2,1,1,0,0,4,4,0.5,N/A,0
"OpenConext\EngineBlockBundle\Sbs\Dto\AttributesRequest",6,4,12,0.83,10,1.2,0,1,14.4,1,5,1,3,1,1,0.15,68.77,68.77,0,N/A,N/A,2,1,0.75,1.75,2,1.5,3.5,0,12,12,N/A,2,2,0,2,0,0,2,2,0.5,N/A,0
"OpenConext\EngineBlockBundle\Sbs\Dto\AuthzRequest",26,17,106.27,0.78,83.03,1.28,0.04,5,136.03,1,25,1,16,1,1,0.15,59.41,59.41,0,N/A,N/A,2,1,1.75,2.75,2,3.5,5.5,0,16,16,N/A,2,2,0,2,0,0,2,2,0.5,N/A,0
"OpenConext\EngineBlockBundle\Sbs\SbsAttributeMerger",68,16,272,8.33,2266.67,0.12,0.09,126,32.64,18,50,4,12,8,5,0.89,73.63,46.24,27.39,N/A,N/A,1,16,0.67,16.67,48,2,50,7,50,43,N/A,3,2,1,1,0,1,0,1,1,N/A,0
"OpenConext\EngineBlockBundle\Sbs\SbsClient",69,24,316.36,5.2,1645.08,0.19,0.11,91,60.84,17,52,4,20,3,2,0.29,47.88,47.88,0,N/A,N/A,2,25,1.14,26.14,150,6.83,156.83,0,37,37,N/A,6,6,2,4,0,0,0,7,1,N/A,0
"OpenConext\EngineBlockBundle\Sbs\SbsClientInterface",N/A,N/A,N/A,N/A,N/A,N/A,N/A,N/A,N/A,N/A,N/A,N/A,N/A,1,1,0.15,N/A,N/A,N/A,N/A,N/A,N/A,N/A,N/A,N/A,N/A,N/A,N/A,N/A,N/A,N/A,N/A,3,3,0,3,0,0,1,4,0.8,N/A,0
"OpenConext\EngineBlockBundle\Security\Http\EntryPoint\JsonBasicAuthenticationEntryPoint",25,15,97.67,1.54,150.27,0.65,0.03,8,63.49,5,20,2,13,2,2,0.15,95.71,59.53,36.18,N/A,N/A,1,1,1.25,2.25,2,2.5,4.5,6,22,16,N/A,2,1,0,1,0,1,0,4,1,N/A,0
"OpenConext\EngineBlockBundle\Service\DiscoverySelectionService",47,14,178.95,7,1252.62,0.14,0.06,70,25.56,12,35,4,10,4,3,0.52,48.51,48.51,0,N/A,N/A,3,49,0.94,49.94,294,5.63,299.63,0,41,41,N/A,6,6,1,5,0,0,1,3,0.75,N/A,0
"OpenConext\EngineBlockBundle\Service\IdpHistoryService",9,5,20.9,2,41.79,0.5,0.01,2,10.45,3,6,2,3,1,1,0.15,70.92,70.92,0,N/A,N/A,1,0,3,3,0,3,3,0,8,8,N/A,1,1,0,1,0,0,1,0,0,N/A,0
"OpenConext\EngineBlockBundle\Twig\Extensions\Extension\ConnectedIdps",44,15,171.9,5.64,968.91,0.18,0.06,54,30.5,13,31,4,11,5,3,0.45,81.08,47.61,33.47,N/A,N/A,1,4,3.14,7.14,28,22,50,13,58,45,N/A,7,5,1,4,2,0,1,0,0,N/A,0
"OpenConext\EngineBlockBundle\Twig\Extensions\Extension\Debug",8,4,16,1,16,1,0.01,1,16,2,6,1,3,1,1,0.15,113.63,67.89,45.73,N/A,N/A,2,0,3,3,0,6,6,15,27,12,N/A,2,2,0,2,0,0,0,0,0,N/A,0
"OpenConext\EngineBlockBundle\Twig\Extensions\Extension\Feedback",176,44,960.86,14,13452.04,0.07,0.32,747,68.63,50,126,8,36,19,6,1.24,71.71,32.29,39.42,N/A,N/A,1,576,0.55,576.55,7488,7.12,7495.12,56,163,107,N/A,13,13,1,12,0,0,0,6,1,N/A,0
"OpenConext\EngineBlockBundle\Twig\Extensions\Extension\GlobalSiteNotice",22,9,69.74,2.29,159.4,0.44,0.02,9,30.51,6,16,2,7,1,1,0.15,95.07,56.46,38.61,N/A,N/A,1,1,1.88,2.88,4,7.5,11.5,12,37,25,N/A,4,4,0,4,0,0,0,1,1,N/A,0
"OpenConext\EngineBlockBundle\Twig\Extensions\Extension\GlobalSiteNoticeInterface",N/A,N/A,N/A,N/A,N/A,N/A,N/A,N/A,N/A,N/A,N/A,N/A,N/A,1,1,0.15,N/A,N/A,N/A,N/A,N/A,N/A,N/A,N/A,N/A,N/A,N/A,N/A,N/A,N/A,N/A,N/A,3,3,0,3,0,0,0,0,0,N/A,0
"OpenConext\EngineBlockBundle\Twig\Extensions\Extension\I18n",67,22,298.78,2.75,821.65,0.36,0.1,46,108.65,12,55,2,20,1,1,0.15,78.62,50.63,27.99,N/A,N/A,1,4,1.92,5.92,16,7.67,23.67,5,34,29,N/A,4,3,1,2,0,1,0,1,1,N/A,0
"OpenConext\EngineBlockBundle\Twig\Extensions\Extension\Locale",77,26,361.93,8.1,2931.66,0.12,0.12,163,44.68,23,54,6,20,5,3,0.52,82.94,44.54,38.4,N/A,N/A,1,36,0.86,36.86,216,5.14,221.14,23,72,49,N/A,6,6,1,5,0,0,0,2,1,N/A,0
"OpenConext\EngineBlockBundle\Twig\Extensions\Extension\Metadata",113,37,588.67,11.45,6739.24,0.09,0.2,374,51.42,30,83,8,29,8,6,0.66,85.24,41.39,43.85,N/A,N/A,1,64,1,65,448,7,455,51,107,56,N/A,7,7,1,6,0,0,0,2,1,N/A,0
"OpenConext\EngineBlockBundle\Twig\Extensions\Extension\Spaceless",12,9,38.04,2,76.08,0.5,0.01,4,19.02,4,8,3,6,2,2,0.22,112.12,65.95,46.17,N/A,N/A,1,0,3,3,0,3,3,15,26,11,N/A,1,1,0,1,0,0,0,0,0,N/A,0
"OpenConext\EngineBlockBundle\Twig\Extensions\Extension\Wayf",193,66,1166.57,8.78,10242.07,0.11,0.39,569,132.87,45,148,7,59,16,10,0.8,72.05,34.74,37.31,N/A,N/A,1,196,0.92,196.92,1764,8.27,1772.27,34,115,81,N/A,9,9,5,4,0,0,0,5,1,N/A,0
"OpenConext\EngineBlockBundle\Url\UrlProvider",47,22,209.59,10.04,2103.99,0.1,0.07,117,20.88,18,29,9,13,9,9,0.29,92.16,52.43,39.73,N/A,N/A,1,4,1.17,5.17,8,2.33,10.33,13,37,24,N/A,2,1,0,1,0,1,7,2,0.22,N/A,0
"OpenConext\EngineBlockBundle\Value\ExecutionTime",24,11,83.03,4.29,355.83,0.23,0.03,20,19.37,9,15,4,7,1,1,0.15,94.71,53.89,40.82,N/A,N/A,3,1,2.67,3.67,6,16,22,19,50,31,N/A,6,5,1,4,1,0,4,3,0.43,N/A,0
"OpenConext\EngineBlockBundle\Value\FeedbackInformation",30,10,99.66,2.75,274.06,0.36,0.03,15,36.24,8,22,2,8,1,1,0.15,93.3,54.3,38.99,N/A,N/A,1,1,1.75,2.75,4,7,11,14,42,28,N/A,4,2,0,2,2,0,2,1,0.33,N/A,0
"OpenConext\EngineBlockBundle\Value\FeedbackInformationMap",24,7,67.38,6.75,454.79,0.15,0.02,25,9.98,6,18,3,4,2,2,0.22,80.71,55.03,25.68,N/A,N/A,1,1,1.8,2.8,5,9,14,4,33,29,N/A,5,4,0,4,1,0,1,2,0.67,N/A,0
